<?xml version="1.0" standalone="yes"?>  <DATAPACKET Version="2.0"><METADATA><FIELDS><FIELD attrname="CustNo" fieldtype="i4" readonly="true" SUBTYPE="Autoinc"/><FIELD attrname="Last_Name" fieldtype="string" WIDTH="30"/><FIELD attrname="First_Name" fieldtype="string" WIDTH="30"/><FIELD attrname="VIP_Status" fieldtype="string" WIDTH="10"/><FIELD attrname="Address1" fieldtype="string" WIDTH="40"/><FIELD attrname="Address2" fieldtype="string" WIDTH="40"/><FIELD attrname="City" fieldtype="string" WIDTH="20"/><FIELD attrname="State_Prov" fieldtype="string" WIDTH="10"/><FIELD attrname="Post_Code" fieldtype="string" WIDTH="10"/><FIELD attrname="Country" fieldtype="string" WIDTH="10"/><FIELD attrname="Phone" fieldtype="string" WIDTH="18"/><FIELD attrname="Fax" fieldtype="string" WIDTH="18"/><FIELD attrname="EMail" fieldtype="string" WIDTH="40"/><FIELD attrname="Remarks" fieldtype="bin.hex" SUBTYPE="Text" WIDTH="200"/></FIELDS><PARAMS DEFAULT_ORDER="1" PRIMARY_KEY="1" LCID="1033"/></METADATA><ROWDATA><ROW CustNo="1" Last_Name="Ferguson" First_Name="Marilyn" VIP_Status="VIP" Address1="4-976 Sugarloaf Hwy" City="Kapaa Kauai" State_Prov="HI" Post_Code="94766" Country="U.S.A." Phone="808-555-0269" Fax="808-556-0099" EMail="m_ferg@kuai.net" Remarks="VIP status since 1995.  Check on availability for translations (French, Indonesian)"/><ROW CustNo="2" Last_Name="Montegiordano" First_Name="Donatella" Address1="Via Dell&apos;Anguillara 10" City="Firenze" State_Prov="FI" Post_Code="50122" Country="Italy" Phone="39-55-30-20-61" Fax="39-55-30-20-61" EMail="donatellam@casino.net.it" Remarks="Advise early for international travel restrictions."/><ROW CustNo="3" Last_Name="Constantinopolous" First_Name="Marulla" Address1="1 Neptune Lane" City="Kato Paphos" Country="Cyprus" Phone="357-6-876708" Fax="357-6-876000" EMail="marulla@aol.com" Remarks="Previous VIP status expired; contact in fall for subscription renewal."/><ROW CustNo="4" Last_Name="Parker" First_Name="Geoffrina" VIP_Status="VIP Exec" Address1="PO Box 541" City="New York" State_Prov="NY" Post_Code="10019" Country="USA" Phone="212-447-6053" Fax="212-663-8455" EMail="gp@angel.net" Remarks="Travels with pet dog (Rolo).  Make travel arrangements accordingly."/><ROW CustNo="5" Last_Name="Sawyer" First_Name="Thomas L." VIP_Status="VIP" Address1="632-1 Third Frydenhoj" City="Christiansted" State_Prov="St. Croix" Post_Code="00820" Country="US Virgin " Phone="809-555-7281" Fax="809-555-9880"/><ROW CustNo="6" Last_Name="Blue" First_Name="Jack M." VIP_Status="VIP" Address1="23-738 Paddington Lane" City="Waipahu" State_Prov="HI" Post_Code="99776" Country="U.S.A." Phone="808-555-8904" Fax="808-499-8000" EMail="jblue@aol.com" Remarks="U.S. Olympic Committee"/><ROW CustNo="7" Last_Name="DuDiver" First_Name="Madelline" VIP_Status="VIP" Address1="32 Main St." City="Christiansted" State_Prov="St. Croix" Post_Code="02800" Country="US Virgin " Phone="809-555-6864" Fax="809-555-6864" EMail="mdd122@croix.com" Remarks="Possible French translation volunteer.  Contact at least six months prior to event."/><ROW CustNo="8" Last_Name="O&apos;Parr" First_Name="Ruth" Address1="PO Box 8745" City="Kailua-Kona" State_Prov="HI" Post_Code="94756" Country="U.S.A." Phone="808-555-8231" EMail="r_oparr@volcano.net"/><ROW CustNo="9" Last_Name="Delgado De Cabeza" First_Name="Enrique" VIP_Status="VIP Exec" Address1="Z32 999 #12A-77 A.A." City="Bogota" Country="Columbia" Phone="57-1-773421" Fax="57-1-773000" EMail="eddc@montana.co" Remarks="Interests in acquatic events."/><ROW CustNo="10" Last_Name="Marmot" First_Name="Herbert A." VIP_Status="VIP Exec" Address1="872 Queen St." City="Kitchener" State_Prov="Ontario" Post_Code="G3N 2E1" Country="Canada" Phone="519-555-5520" Fax="519-555-5520" EMail="herbert@yukon.ca"/><ROW CustNo="11" Last_Name="Charstein" First_Name="Peter &amp; Francoise" VIP_Status="VIP" Address1="15243 Underwater Fwy." City="Marathon" State_Prov="FL" Post_Code="35003" Country="U.S.A." Phone="800-555-3798" Fax="800-544-8700" EMail="pfc@aol.com" Remarks="Interested in acquatics &amp; polo."/><ROW CustNo="12" Last_Name="Du Bois" First_Name="Jacques" Address1="203 12th Ave. Box 746" City="Giribaldi" State_Prov="OR" Post_Code="91187" Country="U.S.A." Phone="503-555-0393" Fax="503-530-0112" EMail="jdubois@aol.com"/><ROW CustNo="13" Last_Name="Makai" First_Name="Honowa" Address1="PO Box 8534" City="Kailua-Kona" State_Prov="HI" Post_Code="94756" Country="U.S.A." Phone="808-555-0253" Fax="808-555-8032" EMail="honowa@volcano.com"/><ROW CustNo="14" Last_Name="Rubinetto" First_Name="Alfredo" VIP_Status="VIP Exec" Address1="PO Box 5451-F" City="Sarasota" State_Prov="FL" Post_Code="32274" Country="U.S.A." Phone="813-555-6732" Fax="813-340-0110" EMail="al_rub@netfla.com" Remarks="Italian translator.  Contact early to arrange schedule."/><ROW CustNo="15" Last_Name="Pozole" First_Name="Flora" Address1="PO Box 68" City="Negril" State_Prov="Jamaica" Country="West Indie" Phone="809-555-4137" Fax="809-555-4137" EMail="flor@kingston.net"/><ROW CustNo="16" Last_Name="Walsh" First_Name="Joseph &amp; Elizabeth" VIP_Status="VIP" Address1="6133 1/3 Stone Avenue" City="St Simons Isle" State_Prov="GA" Post_Code="32521" Country="U.S.A." Phone="912-555-6208" Fax="912-555-8700" EMail="jewalsh@aol.com" Remarks="Possible Arabic translators.  Comp on all events."/><ROW CustNo="17" Last_Name="Underseed" First_Name="Marian" VIP_Status="VIP Exec" Address1="PO Box 744" City="Belize City" Country="Belize" Phone="501-4-20013" Fax="501-4-20910" EMail="mu@orangewalk.net.be"/><ROW CustNo="18" Last_Name="De la Nez" First_Name="Francois" VIP_Status="VIP Exec" Address1="63365 Nez Perce Street" City="Largo" State_Prov="FL" Post_Code="34684" Country="U.S.A." Phone="813-555-9775" Fax="813-810-9088" EMail="delanez@tsunami.com" Remarks="Contact VIP travel office to arrange travel for this guest."/><ROW CustNo="19" Last_Name="Van Franklin" First_Name="Mimi" VIP_Status="VIP Exec" Address1="1455 North 44th St." City="Eugene" State_Prov="OR" Post_Code="90427" Country="U.S.A." Phone="503-555-2778" Fax="503-555-3099" EMail="mimivf@aol.com"/><ROW CustNo="20" Last_Name="Du Farge" First_Name="Madame" Address1="246 South 16th Place" City="Vancouver" State_Prov="British Co" Post_Code="K8V 9P1" Country="Canada" Phone="804-555-2692" Fax="804-555-2001" EMail="chopchop@bastille.com"/><ROW CustNo="21" Last_Name="Capott" First_Name="Marin" Address1="PO Box Q-8874" City="Nassau" Country="Bahamas" Phone="809-555-0377" Fax="809-545-8008"/><ROW CustNo="22" Last_Name="Sputin" First_Name="Reed A." Address1="PO Box D-5495" City="Freeport" Country="Bahamas" Phone="809-555-6182" Fax="809-544-7001" EMail="rasputin@seanet.ba" Remarks="Interested in track &amp; field events."/><ROW CustNo="23" Last_Name="Lakason" First_Name="Marion" VIP_Status="VIP" Address1="Marmoset Place 54" City="Ayios Matthaios" State_Prov="Corfu" Country="Greece" Phone="30-661-88364" Fax="30-661-80770" EMail="malaka@corfucom.gr" Remarks="Comp on all events which include greek participants."/><ROW CustNo="24" Last_Name="Axtell" First_Name="Lorenzo E." VIP_Status="VIP Exec" Address1="42 Aqua Lane" City="Waterville" State_Prov="ME" Post_Code="00914" Country="U.S.A." Phone="207-555-0107" Fax="207-335-9071" EMail="lea109@psuvm.edu"/><ROW CustNo="25" Last_Name="Lawson" First_Name="Helen" VIP_Status="VIP Exec" Address1="#73 King Salmon Way" City="Christiansted" State_Prov="St. Croix" Post_Code="02860" Country="US Virgin " Phone="809-555-3551" Fax="809-566-2233" EMail="myowntree@aol.com" Remarks="Tends to travel with Ms. Anne Wells (VIP guest).  Arrange travel accordingly with VIP office."/><ROW CustNo="26" Last_Name="Wells" First_Name="Anne" VIP_Status="VIP Exec" Address1="4734 Melinda St." City="Hoover" State_Prov="AL" Post_Code="32145" Country="U.S.A." Phone="205-555-8333" Fax="205-555-8333" EMail="ggirl@gillian.com"/><ROW CustNo="27" Last_Name="Polar" First_Name="Tony" VIP_Status="VIP" Address1="634 Complex Ave." City="Pelham" State_Prov="AL" Post_Code="32145" Country="U.S.A." Phone="205-555-7184" Fax="205-555-7880" EMail="clwm@mauvais.com" Remarks="Requires handicap access to all events.  Contact VIP escort."/><ROW CustNo="28" Last_Name="Gold Coast Supply" VIP_Status="VIP Exec" Address1="223-B Houston Place" City="Mobile" State_Prov="AL" Post_Code="30696" Country="U.S.A." Phone="205-555-2640" Fax="205-554-0333" EMail="mjones@devill.net"/><ROW CustNo="29" Last_Name="Purcell" First_Name="Percy P." VIP_Status="VIP" Address1="1701-D N Broadway" City="Santa Maria" State_Prov="CA" Post_Code="95443" Country="U.S.A." Phone="805-555-0461" Fax="805-553-0641" EMail="ppp@aol.com"/><ROW CustNo="30" Last_Name="Harrison" First_Name="Jeanette" VIP_Status="VIP" Address1="351-A Sarasota St." City="San Jose" State_Prov="CA" Post_Code="92195" Country="U.S.A." Phone="408-555-4719" Fax="408-899-0999" EMail="jharrison@netgooga.com"/></ROWDATA></DATAPACKET>