<?xml version="1.0" standalone="yes"?>  <DATAPACKET Version="2.0"><METADATA><FIELDS><FIELD attrname="EmpNo" fieldtype="i4"/><FIELD attrname="LastName" fieldtype="string" WIDTH="20"/><FIELD attrname="FirstName" fieldtype="string" WIDTH="15"/><FIELD attrname="PhoneExt" fieldtype="string" WIDTH="4"/><FIELD attrname="HireDate" fieldtype="dateTime"/><FIELD attrname="Salary" fieldtype="r8"/></FIELDS><PARAMS DEFAULT_ORDER="1" PRIMARY_KEY="1" LCID="1033"/></METADATA><ROWDATA><ROW EmpNo="2" LastName="Nelson" FirstName="Roberto" PhoneExt="250" HireDate="19881228" Salary="40000"/><ROW EmpNo="4" LastName="Young" FirstName="Bruce" PhoneExt="233" HireDate="19881228" Salary="55500"/><ROW EmpNo="5" LastName="Lambert" FirstName="Kim" PhoneExt="22" HireDate="19890206" Salary="25000"/><ROW EmpNo="8" LastName="Johnson" FirstName="Leslie" PhoneExt="410" HireDate="19890405" Salary="25050"/><ROW EmpNo="9" LastName="Forest" FirstName="Phil" PhoneExt="229" HireDate="19890417" Salary="25050"/><ROW EmpNo="11" LastName="Weston" FirstName="K. J." PhoneExt="34" HireDate="19900117" Salary="33292.9375"/><ROW EmpNo="12" LastName="Lee" FirstName="Terri" PhoneExt="256" HireDate="19900501" Salary="45332"/><ROW EmpNo="14" LastName="Hall" FirstName="Stewart" PhoneExt="227" HireDate="19900604" Salary="34482.625"/><ROW EmpNo="15" LastName="Young" FirstName="Katherine" PhoneExt="231" HireDate="19900614" Salary="24400"/><ROW EmpNo="20" LastName="Papadopoulos" FirstName="Chris" PhoneExt="887" HireDate="19900101" Salary="25050"/><ROW EmpNo="24" LastName="Fisher" FirstName="Pete" PhoneExt="888" HireDate="19900912" Salary="23040"/><ROW EmpNo="28" LastName="Bennet" FirstName="Ann" PhoneExt="5" HireDate="19910201" Salary="34482.8"/><ROW EmpNo="29" LastName="De Souza" FirstName="Roger" PhoneExt="288" HireDate="19910218" Salary="25500"/><ROW EmpNo="34" LastName="Baldwin" FirstName="Janet" PhoneExt="2" HireDate="19910321" Salary="23300"/><ROW EmpNo="36" LastName="Reeves" FirstName="Roger" PhoneExt="6" HireDate="19910425" Salary="33620"/><ROW EmpNo="37" LastName="Stansbury" FirstName="Willie" PhoneExt="7" HireDate="19910425" Salary="39224"/><ROW EmpNo="44" LastName="Phong" FirstName="Leslie" PhoneExt="216" HireDate="19910603" Salary="40350"/><ROW EmpNo="45" LastName="Ramanathan" FirstName="Ashok" PhoneExt="209" HireDate="19910801" Salary="33292.94"/><ROW EmpNo="46" LastName="Steadman" FirstName="Walter" PhoneExt="210" HireDate="19910809" Salary="19599"/><ROW EmpNo="52" LastName="Nordstrom" FirstName="Carol" PhoneExt="420" HireDate="19911002" Salary="4500"/><ROW EmpNo="61" LastName="Leung" FirstName="Luke" PhoneExt="3" HireDate="19920218" Salary="34500"/><ROW EmpNo="65" LastName="O&apos;Brien" FirstName="Sue Anne" PhoneExt="877" HireDate="19920323" Salary="31275"/><ROW EmpNo="71" LastName="Burbank" FirstName="Jennifer M." PhoneExt="289" HireDate="19920415" Salary="45332"/><ROW EmpNo="72" LastName="Sutherland" FirstName="Claudia" HireDate="19920420" Salary="35699"/><ROW EmpNo="83" LastName="Bishop" FirstName="Dana" PhoneExt="290" HireDate="19920601" Salary="45000"/><ROW EmpNo="85" LastName="MacDonald" FirstName="Mary S." PhoneExt="477" HireDate="19920601" Salary="35699"/><ROW EmpNo="94" LastName="Williams" FirstName="Randy" PhoneExt="892" HireDate="19920808" Salary="28900"/><ROW EmpNo="105" LastName="Bender" FirstName="Oliver H." PhoneExt="255" HireDate="19921008" Salary="36799"/><ROW EmpNo="107" LastName="Cook" FirstName="Kevin" PhoneExt="894" HireDate="19930201" Salary="35500"/><ROW EmpNo="109" LastName="Brown" FirstName="Kelly" PhoneExt="202" HireDate="19930204" Salary="27000"/><ROW EmpNo="110" LastName="Ichida" FirstName="Yuki" PhoneExt="22" HireDate="19930204" Salary="25689"/><ROW EmpNo="113" LastName="Page" FirstName="Mary" PhoneExt="845" HireDate="19930412" Salary="48000"/><ROW EmpNo="114" LastName="Parker" FirstName="Bill" PhoneExt="247" HireDate="19930601" Salary="35000"/><ROW EmpNo="118" LastName="Yamamoto" FirstName="Takashi" PhoneExt="23" HireDate="19930701" Salary="32500"/><ROW EmpNo="121" LastName="Ferrari" FirstName="Roberto" PhoneExt="1" HireDate="19930712" Salary="40500"/><ROW EmpNo="127" LastName="Yanowski" FirstName="Michael" PhoneExt="492" HireDate="19930809" Salary="44000"/><ROW EmpNo="134" LastName="Glon" FirstName="Jacques" HireDate="19930823" Salary="24855"/><ROW EmpNo="136" LastName="Johnson" FirstName="Scott" PhoneExt="265" HireDate="19930913" Salary="30588.99"/><ROW EmpNo="138" LastName="Green" FirstName="T.J." PhoneExt="218" HireDate="19931101" Salary="36000"/><ROW EmpNo="141" LastName="Osborne" FirstName="Pierre" HireDate="19940103" Salary="35600"/><ROW EmpNo="144" LastName="Montgomery" FirstName="John" PhoneExt="820" HireDate="19940330" Salary="35699"/><ROW EmpNo="145" LastName="Guckenheimer" FirstName="Mark" PhoneExt="221" HireDate="19940502" Salary="32000"/></ROWDATA></DATAPACKET>