<?xml version="1.0" standalone="yes"?>  <DATAPACKET Version="2.0"><METADATA><FIELDS><FIELD attrname="IND_CODE" fieldtype="i2"/><FIELD attrname="IND_NAME" fieldtype="string" WIDTH="5"/><FIELD attrname="LONG_NAME" fieldtype="string" WIDTH="20"/></FIELDS><PARAMS LCID="1033"/></METADATA><ROWDATA><ROW IND_CODE="3579" IND_NAME="SoftW" LONG_NAME="Computer Software"/><ROW IND_CODE="3710" IND_NAME="Auto" LONG_NAME="Auto &amp; Truck"/><ROW IND_CODE="3720" IND_NAME="Aero" LONG_NAME="Aerospace/Defense"/><ROW IND_CODE="7000" IND_NAME="Hotel" LONG_NAME="Hotel/Gaming"/><ROW IND_CODE="8000" IND_NAME="Med" LONG_NAME="Medical Services"/><ROW IND_CODE="3573" IND_NAME="Comp" LONG_NAME="Computer Hardware"/><ROW IND_CODE="4810" IND_NAME="Tele" LONG_NAME="Telecommunications"/></ROWDATA></DATAPACKET>