<?xml version="1.0" standalone="yes"?>  <DATAPACKET Version="2.0"><METADATA><FIELDS><FIELD attrname="SYMBOL" fieldtype="string" WIDTH="7"/><FIELD attrname="CO_NAME" fieldtype="string" WIDTH="20"/><FIELD attrname="EXCHANGE" fieldtype="string" WIDTH="8"/><FIELD attrname="CUR_PRICE" fieldtype="r8"/><FIELD attrname="YRL_HIGH" fieldtype="r8"/><FIELD attrname="YRL_LOW" fieldtype="r8"/><FIELD attrname="P_E_RATIO" fieldtype="r8"/><FIELD attrname="BETA" fieldtype="r8"/><FIELD attrname="PROJ_GRTH" fieldtype="r8"/><FIELD attrname="INDUSTRY" fieldtype="i2"/><FIELD attrname="PRICE_CHG" fieldtype="i2"/><FIELD attrname="SAFETY" fieldtype="i2"/><FIELD attrname="RATING" fieldtype="string" WIDTH="4"/><FIELD attrname="RANK" fieldtype="r8"/><FIELD attrname="OUTLOOK" fieldtype="i2"/><FIELD attrname="RCMNDATION" fieldtype="string" WIDTH="5"/><FIELD attrname="RISK" fieldtype="string" WIDTH="4"/></FIELDS><PARAMS DEFAULT_ORDER="1" PRIMARY_KEY="1" LCID="1033"/></METADATA><ROWDATA><ROW SYMBOL="APC" CO_NAME="APEX COMPUTER" EXCHANGE="    NYSE" CUR_PRICE="33.75" YRL_HIGH="34" YRL_LOW="23.333" P_E_RATIO="19" BETA="0.95" PROJ_GRTH="63" INDUSTRY="3579" PRICE_CHG="23" SAFETY="3" RATING="B" RANK="2" OUTLOOK="2" RCMNDATION="BUY" RISK="MED"/><ROW SYMBOL="ARTC" CO_NAME="AEROTECH" EXCHANGE="    NYSE" CUR_PRICE="42.75" YRL_HIGH="45.5" YRL_LOW="33.375" P_E_RATIO="17.2" BETA="1.1" PROJ_GRTH="58" INDUSTRY="3720" PRICE_CHG="11" SAFETY="1" RATING="A" RANK="3" OUTLOOK="3" RCMNDATION="BUY" RISK="LOW"/><ROW SYMBOL="AT" CO_NAME="ACCURATE TECHNOLOGY" EXCHANGE="    NYSE" CUR_PRICE="31" YRL_HIGH="30" YRL_LOW="19" P_E_RATIO="19.6" BETA="0.95" PROJ_GRTH="45" INDUSTRY="3720" PRICE_CHG="40" SAFETY="3" RATING="B" RANK="3" OUTLOOK="3" RCMNDATION="SELL" RISK="MED"/><ROW SYMBOL="BFC" CO_NAME="BFC RESEARCH" EXCHANGE="    NONE" CUR_PRICE="28.625" YRL_HIGH="29.75" YRL_LOW="12.75" P_E_RATIO="14.3" BETA="1.45" PROJ_GRTH="40" INDUSTRY="3573" PRICE_CHG="81" SAFETY="3" RATING="A" RANK="1" OUTLOOK="2" RCMNDATION="HOLD" RISK="MED"/><ROW SYMBOL="BI" CO_NAME="BRISTOL INC." EXCHANGE="    NYSE" CUR_PRICE="10.875" YRL_HIGH="12.875" YRL_LOW="6.5" P_E_RATIO="18.1" BETA="1.2" PROJ_GRTH="121" INDUSTRY="3720" PRICE_CHG="26" SAFETY="4" RATING="C" RANK="3" OUTLOOK="3" RCMNDATION="HOLD" RISK="HIGH"/><ROW SYMBOL="BMC" CO_NAME="BIG MOTOR CORP" EXCHANGE="    NYSE" CUR_PRICE="58.625" YRL_HIGH="62.25" YRL_LOW="36.375" P_E_RATIO="26.5" BETA="1.1" PROJ_GRTH="36" INDUSTRY="3710" PRICE_CHG="24" SAFETY="3" RATING="B" RANK="2" OUTLOOK="2" RCMNDATION="HOLD" RISK="MED"/><ROW SYMBOL="BMED" CO_NAME="BOSTON MED. CARE" EXCHANGE="    NYSE" CUR_PRICE="24.25" YRL_HIGH="26.125" YRL_LOW="13.75" P_E_RATIO="17" BETA="1.6" PROJ_GRTH="65" INDUSTRY="8000" PRICE_CHG="51" SAFETY="4" RATING="B" RANK="0" OUTLOOK="3" RCMNDATION="BUY" RISK="HIGH"/><ROW SYMBOL="CALD" CO_NAME="CAL DATA CORP" EXCHANGE="    NYSE" CUR_PRICE="18.875" YRL_HIGH="19.5" YRL_LOW="14.25" P_E_RATIO="19.9" BETA="1" PROJ_GRTH="46" INDUSTRY="3579" PRICE_CHG="9" SAFETY="4" RATING="A" RANK="3" OUTLOOK="3" RCMNDATION="HOLD" RISK="HIGH"/><ROW SYMBOL="CBEL" CO_NAME="CHATHAM BEL" EXCHANGE="    NYSE" CUR_PRICE="17.5" YRL_HIGH="24.375" YRL_LOW="17.5" P_E_RATIO="21.9" BETA="0.95" PROJ_GRTH="86" INDUSTRY="4810" PRICE_CHG="-15" SAFETY="3" RATING="A" RANK="3" OUTLOOK="4" RCMNDATION="HOLD" RISK="MED"/><ROW SYMBOL="CCR" CO_NAME="COMUCARE" EXCHANGE="    NYSE" CUR_PRICE="16.625" YRL_HIGH="17.375" YRL_LOW="8.75" P_E_RATIO="41.6" BETA="1.35" PROJ_GRTH="50" INDUSTRY="8000" PRICE_CHG="37" SAFETY="3" RATING="B" RANK="2" OUTLOOK="3" RCMNDATION="SELL" RISK="MED"/><ROW SYMBOL="CIN" CO_NAME="CUMBERLAND INTL" EXCHANGE="    NYSE" CUR_PRICE="39.375" YRL_HIGH="39.75" YRL_LOW="28" P_E_RATIO="14.7" BETA="1" PROJ_GRTH="33" INDUSTRY="3720" PRICE_CHG="20" SAFETY="2" RATING="A" RANK="3" OUTLOOK="3" RCMNDATION="BUY" RISK="LOW"/><ROW SYMBOL="CNX" CO_NAME="CONNECT COPR" EXCHANGE="    NYSE" CUR_PRICE="25.25" YRL_HIGH="35.25" YRL_LOW="24.5" P_E_RATIO="12.6" BETA="1" PROJ_GRTH="88" INDUSTRY="4810" PRICE_CHG="-18" SAFETY="2" RATING="A" RANK="2" OUTLOOK="3" RCMNDATION="HOLD" RISK="LOW"/><ROW SYMBOL="COMC" CO_NAME="COMPUCON" EXCHANGE="    NONE" CUR_PRICE="51.875" YRL_HIGH="52.375" YRL_LOW="19.625" P_E_RATIO="20.8" BETA="1.45" PROJ_GRTH="64" INDUSTRY="3573" PRICE_CHG="131" SAFETY="4" RATING="A" RANK="3" OUTLOOK="1" RCMNDATION="HOLD" RISK="HIGH"/><ROW SYMBOL="CONC" CO_NAME="CONSLIDATED COMPUTER" EXCHANGE="    NYSE" CUR_PRICE="38.375" YRL_HIGH="44.875" YRL_LOW="21.875" P_E_RATIO="17.7" BETA="1.55" PROJ_GRTH="43" INDUSTRY="3579" PRICE_CHG="33" SAFETY="3" RATING="B" RANK="1" OUTLOOK="1" RCMNDATION="HOLD" RISK="MED"/><ROW SYMBOL="CRCP" CO_NAME="CORAL CORP" EXCHANGE="    NYSE" CUR_PRICE="38.75" YRL_HIGH="39.625" YRL_LOW="22.25" P_E_RATIO="13.5" BETA="0.75" PROJ_GRTH="35" INDUSTRY="3720" PRICE_CHG="24" SAFETY="3" RATING="B" RANK="2" OUTLOOK="2" RCMNDATION="SELL" RISK="MED"/><ROW SYMBOL="CRS" CO_NAME="CHATHAM RESEARCH" EXCHANGE="    NONE" CUR_PRICE="14.25" YRL_HIGH="18.75" YRL_LOW="12" P_E_RATIO="11.5" BETA="1.05" PROJ_GRTH="72" INDUSTRY="3720" PRICE_CHG="1" SAFETY="3" RATING="A" RANK="3" OUTLOOK="3" RCMNDATION="SELL" RISK="MED"/><ROW SYMBOL="CS" CO_NAME="CLIENT SOFTWARE" EXCHANGE="    NONE" CUR_PRICE="14" YRL_HIGH="27.25" YRL_LOW="12.75" P_E_RATIO="22.2" BETA="1.45" PROJ_GRTH="168" INDUSTRY="3579" PRICE_CHG="-25" SAFETY="4" RATING="B" RANK="4" OUTLOOK="4" RCMNDATION="BUY" RISK="HIGH"/><ROW SYMBOL="CTT" CO_NAME="CENTRAL TEL" EXCHANGE="    NYSE" CUR_PRICE="56" YRL_HIGH="65" YRL_LOW="51.625" P_E_RATIO="17.3" BETA="0.95" PROJ_GRTH="43" INDUSTRY="4810" PRICE_CHG="-12" SAFETY="1" RATING="A" RANK="3" OUTLOOK="3" RCMNDATION="HOLD" RISK="LOW"/><ROW SYMBOL="DBC" CO_NAME="DUXBURY CORP." EXCHANGE="    NYSE" CUR_PRICE="6.625" YRL_HIGH="7.5" YRL_LOW="5" P_E_RATIO="8.800000000000001" BETA="0.65" PROJ_GRTH="58" INDUSTRY="3720" PRICE_CHG="10" SAFETY="4" RATING="C" RANK="3" OUTLOOK="3" RCMNDATION="HOLD" RISK="HIGH"/><ROW SYMBOL="DFR" CO_NAME="DFR CORP." EXCHANGE="    NYSE" CUR_PRICE="19.5" YRL_HIGH="21" YRL_LOW="5.125" P_E_RATIO="24.4" BETA="1.4" PROJ_GRTH="67" INDUSTRY="3573" PRICE_CHG="58" SAFETY="4" RATING="B" RANK="1" OUTLOOK="1" RCMNDATION="HOLD" RISK="HIGH"/><ROW SYMBOL="DHE" CO_NAME="DHE INT&apos;L" EXCHANGE="    NYSE" CUR_PRICE="8.625" YRL_HIGH="9.375" YRL_LOW="5.25" P_E_RATIO="13.3" BETA="1.3" PROJ_GRTH="4" INDUSTRY="3720" PRICE_CHG="32" SAFETY="4" RATING="B" RANK="3" OUTLOOK="2" RCMNDATION="SELL" RISK="HIGH"/><ROW SYMBOL="DPI" CO_NAME="DATA PROCESS INC" EXCHANGE="    NYSE" CUR_PRICE="53" YRL_HIGH="56.875" YRL_LOW="46.875" P_E_RATIO="22.1" BETA="1.2" PROJ_GRTH="46" INDUSTRY="3579" PRICE_CHG="7" SAFETY="1" RATING="A" RANK="3" OUTLOOK="2" RCMNDATION="HOLD" RISK="LOW"/><ROW SYMBOL="DS" CO_NAME="DYNAMIC SYSTEMS" EXCHANGE="    NONE" CUR_PRICE="68.25" YRL_HIGH="70.75" YRL_LOW="38.5" P_E_RATIO="30.3" BETA="1.7" PROJ_GRTH="10" INDUSTRY="3573" PRICE_CHG="27" SAFETY="3" RATING="A" RANK="2" OUTLOOK="1" RCMNDATION="SELL" RISK="MED"/><ROW SYMBOL="EC" CO_NAME="ENTERPRISE COMPUTER" EXCHANGE="    NYSE" CUR_PRICE="81.125" YRL_HIGH="82.5" YRL_LOW="41.75" P_E_RATIO="14.7" BETA="1.45" PROJ_GRTH="11" INDUSTRY="3573" PRICE_CHG="67" SAFETY="3" RATING="A" RANK="2" OUTLOOK="1" RCMNDATION="SELL" RISK="MED"/><ROW SYMBOL="EIN" CO_NAME="ENTERTAINMENT INC" EXCHANGE="    NONE" CUR_PRICE="19.875" YRL_HIGH="31.75" YRL_LOW="10.667" P_E_RATIO="23.7" BETA="1.65" PROJ_GRTH="38" INDUSTRY="3579" PRICE_CHG="-3" SAFETY="4" RATING="A" RANK="1" OUTLOOK="2" RCMNDATION="SELL" RISK="HIGH"/><ROW SYMBOL="EMC" CO_NAME="ELECTRIC MOTOR CORP" EXCHANGE="    NYSE" CUR_PRICE="64.875" YRL_HIGH="69.5" YRL_LOW="44.75" P_E_RATIO="17.1" BETA="1.15" PROJ_GRTH="16" INDUSTRY="3710" PRICE_CHG="24" SAFETY="3" RATING="B" RANK="2" OUTLOOK="3" RCMNDATION="SELL" RISK="MED"/><ROW SYMBOL="ES" CO_NAME="ELECTRON SYSTEMS" EXCHANGE="    NONE" CUR_PRICE="15.5" YRL_HIGH="24" YRL_LOW="11.25" P_E_RATIO="19.9" BETA="1.55" PROJ_GRTH="206" INDUSTRY="3573" PRICE_CHG="25" SAFETY="4" RATING="B" RANK="4" OUTLOOK="4" RCMNDATION="BUY" RISK="HIGH"/><ROW SYMBOL="ESAT" CO_NAME="EAST INC" EXCHANGE="    NYSE" CUR_PRICE="43.25" YRL_HIGH="50.75" YRL_LOW="38.125" P_E_RATIO="14.7" BETA="0.85" PROJ_GRTH="39" INDUSTRY="4810" PRICE_CHG="-7" SAFETY="1" RATING="A" RANK="3" OUTLOOK="4" RCMNDATION="HOLD" RISK="LOW"/><ROW SYMBOL="FBC" CO_NAME="FIBER COMMUNICATIONS" EXCHANGE="    NONE" CUR_PRICE="29.375" YRL_HIGH="42.75" YRL_LOW="20.25" P_E_RATIO="20.3" BETA="1.65" PROJ_GRTH="96" INDUSTRY="3573" PRICE_CHG="0" SAFETY="3" RATING="B" RANK="3" OUTLOOK="3" RCMNDATION="HOLD" RISK="MED"/><ROW SYMBOL="FGH" CO_NAME="FGH" EXCHANGE="    NYSE" CUR_PRICE="28.125" YRL_HIGH="32.25" YRL_LOW="22.75" P_E_RATIO="33.1" BETA="1.4" PROJ_GRTH="78" INDUSTRY="3720" PRICE_CHG="5" SAFETY="3" RATING="B" RANK="3" OUTLOOK="3" RCMNDATION="HOLD" RISK="MED"/><ROW SYMBOL="FLS" CO_NAME="FUZZY LOGIC SYSTEMS" EXCHANGE="    NONE" CUR_PRICE="17.75" YRL_HIGH="23.125" YRL_LOW="14.375" P_E_RATIO="13.7" BETA="1.15" PROJ_GRTH="83" INDUSTRY="3573" PRICE_CHG="0" SAFETY="4" RATING="B" RANK="3" OUTLOOK="3" RCMNDATION="SELL" RISK="HIGH"/><ROW SYMBOL="FSYS" CO_NAME="FINANCIAL SYSTEMS" EXCHANGE="    NONE" CUR_PRICE="19.5" YRL_HIGH="23.75" YRL_LOW="16.75" P_E_RATIO="22.4" BETA="0.7" PROJ_GRTH="54" INDUSTRY="3579" PRICE_CHG="-2" SAFETY="3" RATING="B" RANK="3" OUTLOOK="2" RCMNDATION="BUY" RISK="MED"/><ROW SYMBOL="FTT" CO_NAME="FEDERAL TECH" EXCHANGE="    NYSE" CUR_PRICE="108.875" YRL_HIGH="118.375" YRL_LOW="49" P_E_RATIO="22.8" BETA="1.15" PROJ_GRTH="45" INDUSTRY="3720" PRICE_CHG="30" SAFETY="3" RATING="B" RANK="1" OUTLOOK="3" RCMNDATION="BUY" RISK="MED"/><ROW SYMBOL="GBS" CO_NAME="GEN&apos;L BUS. SYSTEMS" EXCHANGE="    NYSE" CUR_PRICE="11.25" YRL_HIGH="15.75" YRL_LOW="7.5" P_E_RATIO="45" BETA="1.6" PROJ_GRTH="87" INDUSTRY="3573" PRICE_CHG="15" SAFETY="4" RATING="B" RANK="5" OUTLOOK="4" RCMNDATION="HOLD" RISK="HIGH"/><ROW SYMBOL="GHJ" CO_NAME="GHJ CORP" EXCHANGE="    NYSE" CUR_PRICE="43.125" YRL_HIGH="46.625" YRL_LOW="32" P_E_RATIO="10.5" BETA="0.85" PROJ_GRTH="45" INDUSTRY="3720" PRICE_CHG="6" SAFETY="2" RATING="A" RANK="2" OUTLOOK="3" RCMNDATION="SELL" RISK="LOW"/><ROW SYMBOL="GT" CO_NAME="GENERAL TECHNOLOGY" EXCHANGE="    NYSE" CUR_PRICE="14.375" YRL_HIGH="14.75" YRL_LOW="10.875" P_E_RATIO="29.3" BETA="1.3" PROJ_GRTH="39" INDUSTRY="3573" PRICE_CHG="15" SAFETY="3" RATING="B" RANK="3" OUTLOOK="3" RCMNDATION="HOLD" RISK="MED"/><ROW SYMBOL="HAR" CO_NAME="HARRINGTON INC" EXCHANGE="    NYSE" CUR_PRICE="82.375" YRL_HIGH="89.25" YRL_LOW="64.375" P_E_RATIO="16.2" BETA="1.35" PROJ_GRTH="49" INDUSTRY="3573" PRICE_CHG="11" SAFETY="2" RATING="A" RANK="3" OUTLOOK="2" RCMNDATION="HOLD" RISK="LOW"/><ROW SYMBOL="HGJ" CO_NAME="HGJ CORPORATION" EXCHANGE="    NYSE" CUR_PRICE="42.5" YRL_HIGH="43" YRL_LOW="24.375" P_E_RATIO="11.8" BETA="0.8" PROJ_GRTH="6" INDUSTRY="3720" PRICE_CHG="5" SAFETY="3" RATING="B" RANK="3" OUTLOOK="2" RCMNDATION="SELL" RISK="MED"/><ROW SYMBOL="HGT" CO_NAME="HIGH GROWTH TECH" EXCHANGE="    NONE" CUR_PRICE="33.25" YRL_HIGH="44.75" YRL_LOW="22.5" P_E_RATIO="32.6" BETA="2" PROJ_GRTH="50" INDUSTRY="3579" PRICE_CHG="-6" SAFETY="3" RATING="B" RANK="2" OUTLOOK="1" RCMNDATION="BUY" RISK="MED"/><ROW SYMBOL="HHOP" CO_NAME="HOPE HOSPITALS" EXCHANGE="    NONE" CUR_PRICE="62.875" YRL_HIGH="64.75" YRL_LOW="36.75" P_E_RATIO="21.3" BETA="1.5" PROJ_GRTH="47" INDUSTRY="8000" PRICE_CHG="23" SAFETY="3" RATING="B" RANK="2" OUTLOOK="1" RCMNDATION="SELL" RISK="MED"/><ROW SYMBOL="HJT" CO_NAME="HJT CORP" EXCHANGE="    NYSE" CUR_PRICE="34.125" YRL_HIGH="39.875" YRL_LOW="33.25" P_E_RATIO="15" BETA="0.9" PROJ_GRTH="24" INDUSTRY="4810" PRICE_CHG="-4" SAFETY="1" RATING="A" RANK="3" OUTLOOK="3" RCMNDATION="BUY" RISK="LOW"/><ROW SYMBOL="HS" CO_NAME="HOPE SYSTEMS" EXCHANGE="    NONE" CUR_PRICE="29" YRL_HIGH="37" YRL_LOW="16.25" P_E_RATIO="22.3" BETA="1.6" PROJ_GRTH="3" INDUSTRY="3579" PRICE_CHG="11" SAFETY="3" RATING="A" RANK="3" OUTLOOK="2" RCMNDATION="HOLD" RISK="MED"/><ROW SYMBOL="HSI" CO_NAME="HEALTH SYSTEMS INC" EXCHANGE="    NYSE" CUR_PRICE="15" YRL_HIGH="19.5" YRL_LOW="12" P_E_RATIO="11.5" BETA="1.25" PROJ_GRTH="100" INDUSTRY="8000" PRICE_CHG="-10" SAFETY="3" RATING="B" RANK="4" OUTLOOK="3" RCMNDATION="BUY" RISK="MED"/><ROW SYMBOL="HSM" CO_NAME="HULL SYSTEMS" EXCHANGE="    NONE" CUR_PRICE="12.75" YRL_HIGH="15.5" YRL_LOW="7.875" P_E_RATIO="44" BETA="1" PROJ_GRTH="37" INDUSTRY="3573" PRICE_CHG="43" SAFETY="3" RATING="B" RANK="2" OUTLOOK="2" RCMNDATION="HOLD" RISK="MED"/><ROW SYMBOL="HTRN" CO_NAME="HOLTRON COPR" EXCHANGE="    NYSE" CUR_PRICE="27" YRL_HIGH="30.125" YRL_LOW="17.625" P_E_RATIO="12" BETA="0.85" PROJ_GRTH="39" INDUSTRY="3720" PRICE_CHG="0" SAFETY="3" RATING="A" RANK="2" OUTLOOK="2" RCMNDATION="SELL" RISK="MED"/><ROW SYMBOL="IFT" CO_NAME="INFOTECH" EXCHANGE="    NONE" CUR_PRICE="48" YRL_HIGH="56.75" YRL_LOW="37" P_E_RATIO="16.8" BETA="1.3" PROJ_GRTH="119" INDUSTRY="3579" PRICE_CHG="15" SAFETY="3" RATING="A" RANK="3" OUTLOOK="3" RCMNDATION="BUY" RISK="MED"/><ROW SYMBOL="IN" CO_NAME="INDUSTRIAL NATIONAL" EXCHANGE="    NYSE" CUR_PRICE="6.125" YRL_HIGH="10.625" YRL_LOW="4" P_E_RATIO="11.8" BETA="0.7" PROJ_GRTH="71" INDUSTRY="3720" PRICE_CHG="8" SAFETY="3" RATING="B" RANK="5" OUTLOOK="4" RCMNDATION="SELL" RISK="MED"/><ROW SYMBOL="INTS" CO_NAME="INTERGRATED SYSTEMS" EXCHANGE="    NONE" CUR_PRICE="8.75" YRL_HIGH="12.625" YRL_LOW="6.875" P_E_RATIO="24.3" BETA="1.2" PROJ_GRTH="186" INDUSTRY="3573" PRICE_CHG="18" SAFETY="3" RATING="B" RANK="4" OUTLOOK="3" RCMNDATION="HOLD" RISK="MED"/><ROW SYMBOL="LN" CO_NAME="LIVE NETWORKS" EXCHANGE="    NYSE" CUR_PRICE="56.375" YRL_HIGH="60" YRL_LOW="40.625" P_E_RATIO="52.2" BETA="0.9" PROJ_GRTH="77" INDUSTRY="3573" PRICE_CHG="28" SAFETY="3" RATING="B" RANK="3" OUTLOOK="3" RCMNDATION="HOLD" RISK="MED"/><ROW SYMBOL="MAI" CO_NAME="MA INC" EXCHANGE="    ASE" CUR_PRICE="8.5" YRL_HIGH="9.75" YRL_LOW="5.75" P_E_RATIO="12.3" BETA="0.65" PROJ_GRTH="41" INDUSTRY="3720" PRICE_CHG="9" SAFETY="4" RATING="C" RANK="2" OUTLOOK="3" RCMNDATION="SELL" RISK="HIGH"/><ROW SYMBOL="MCOM" CO_NAME="MUTUAL COM" EXCHANGE="    NYSE" CUR_PRICE="8.25" YRL_HIGH="10.375" YRL_LOW="4.75" P_E_RATIO="28.4" BETA="1.15" PROJ_GRTH="39" INDUSTRY="3720" PRICE_CHG="-2" SAFETY="4" RATING="C" RANK="3" OUTLOOK="3" RCMNDATION="BUY" RISK="HIGH"/><ROW SYMBOL="MCR" CO_NAME="MONITOR CARE" EXCHANGE="    NYSE" CUR_PRICE="27.25" YRL_HIGH="27.375" YRL_LOW="17.5" P_E_RATIO="21.8" BETA="1.15" PROJ_GRTH="56" INDUSTRY="8000" PRICE_CHG="32" SAFETY="3" RATING="B" RANK="3" OUTLOOK="2" RCMNDATION="SELL" RISK="MED"/><ROW SYMBOL="MIDT" CO_NAME="MIDTEL INC" EXCHANGE="    NYSE" CUR_PRICE="58.125" YRL_HIGH="63.875" YRL_LOW="50.625" P_E_RATIO="16" BETA="0.8" PROJ_GRTH="16" INDUSTRY="4810" PRICE_CHG="1" SAFETY="1" RATING="A" RANK="3" OUTLOOK="3" RCMNDATION="SELL" RISK="LOW"/><ROW SYMBOL="MS" CO_NAME="MASSIVE SYSTEMS" EXCHANGE="    NONE" CUR_PRICE="33.5" YRL_HIGH="62" YRL_LOW="22" P_E_RATIO="34.5" BETA="1.25" PROJ_GRTH="34" INDUSTRY="3573" PRICE_CHG="24" SAFETY="3" RATING="A" RANK="5" OUTLOOK="5" RCMNDATION="HOLD" RISK="MED"/><ROW SYMBOL="MST" CO_NAME="MILTON SOFTWARE" EXCHANGE="    NONE" CUR_PRICE="37" YRL_HIGH="59.25" YRL_LOW="29.75" P_E_RATIO="22.6" BETA="1.85" PROJ_GRTH="103" INDUSTRY="3579" PRICE_CHG="9" SAFETY="4" RATING="B" RANK="3" OUTLOOK="2" RCMNDATION="SELL" RISK="HIGH"/><ROW SYMBOL="MTTL" CO_NAME="MORETEL INC" EXCHANGE="    NYSE" CUR_PRICE="28.125" YRL_HIGH="31.25" YRL_LOW="23.125" P_E_RATIO="19.1" BETA="1" PROJ_GRTH="51" INDUSTRY="4810" PRICE_CHG="7" SAFETY="2" RATING="B" RANK="3" OUTLOOK="3" RCMNDATION="HOLD" RISK="LOW"/><ROW SYMBOL="MVTL" CO_NAME="M. VINEYARD TEL" EXCHANGE="    NYSE" CUR_PRICE="26.5" YRL_HIGH="33.375" YRL_LOW="23.25" P_E_RATIO="18.3" BETA="1.25" PROJ_GRTH="60" INDUSTRY="4810" PRICE_CHG="-11" SAFETY="3" RATING="B" RANK="4" OUTLOOK="3" RCMNDATION="HOLD" RISK="MED"/><ROW SYMBOL="NAHC" CO_NAME="N.A. HEALTHCARE" EXCHANGE="    NYSE" CUR_PRICE="83.25" YRL_HIGH="84" YRL_LOW="40" P_E_RATIO="30.1" BETA="1.65" PROJ_GRTH="59" INDUSTRY="8000" PRICE_CHG="27" SAFETY="3" RATING="A" RANK="1" OUTLOOK="1" RCMNDATION="HOLD" RISK="MED"/><ROW SYMBOL="NEIN" CO_NAME="NORTHEAST INC" EXCHANGE="    NYSE" CUR_PRICE="40" YRL_HIGH="48.875" YRL_LOW="38.375" P_E_RATIO="12.2" BETA="0.8" PROJ_GRTH="37" INDUSTRY="4810" PRICE_CHG="-10" SAFETY="1" RATING="A" RANK="4" OUTLOOK="4" RCMNDATION="BUY" RISK="LOW"/><ROW SYMBOL="NHC" CO_NAME="NEW HEALTH CORP" EXCHANGE="    NONE" CUR_PRICE="23.25" YRL_HIGH="29.125" YRL_LOW="10.5" P_E_RATIO="20.4" BETA="1.55" PROJ_GRTH="137" INDUSTRY="8000" PRICE_CHG="31" SAFETY="3" RATING="B" RANK="1" OUTLOOK="1" RCMNDATION="BUY" RISK="MED"/><ROW SYMBOL="NMED" CO_NAME="NEWMED INC" EXCHANGE="    NYSE" CUR_PRICE="32.25" YRL_HIGH="33" YRL_LOW="13.25" P_E_RATIO="32.3" BETA="1.15" PROJ_GRTH="55" INDUSTRY="8000" PRICE_CHG="75" SAFETY="3" RATING="B" RANK="1" OUTLOOK="1" RCMNDATION="SELL" RISK="MED"/><ROW SYMBOL="NNET" CO_NAME="NEURAL NETWORKS" EXCHANGE="    NYSE" CUR_PRICE="26.25" YRL_HIGH="30.875" YRL_LOW="20.375" P_E_RATIO="11.5" BETA="1.35" PROJ_GRTH="100" INDUSTRY="3573" PRICE_CHG="23" SAFETY="3" RATING="B" RANK="3" OUTLOOK="3" RCMNDATION="SELL" RISK="MED"/><ROW SYMBOL="NTE" CO_NAME="NANOTECH" EXCHANGE="    NYSE" CUR_PRICE="13.75" YRL_HIGH="14.125" YRL_LOW="8.625" P_E_RATIO="9.6" BETA="1" PROJ_GRTH="49" INDUSTRY="3720" PRICE_CHG="19" SAFETY="4" RATING="B" RANK="3" OUTLOOK="2" RCMNDATION="BUY" RISK="HIGH"/><ROW SYMBOL="NTEL" CO_NAME="NEW TEL" EXCHANGE="    NYSE" CUR_PRICE="56.125" YRL_HIGH="59.25" YRL_LOW="43.5" P_E_RATIO="20" BETA="0.9" PROJ_GRTH="11" INDUSTRY="4810" PRICE_CHG="14" SAFETY="1" RATING="A" RANK="0" OUTLOOK="2" RCMNDATION="SELL" RISK="LOW"/><ROW SYMBOL="NWC" CO_NAME="NEW WAVE CORP" EXCHANGE="    NYSE" CUR_PRICE="41.625" YRL_HIGH="44.75" YRL_LOW="35" P_E_RATIO="16.9" BETA="1.2" PROJ_GRTH="98" INDUSTRY="3720" PRICE_CHG="6" SAFETY="3" RATING="A" RANK="3" OUTLOOK="4" RCMNDATION="SELL" RISK="MED"/><ROW SYMBOL="OPS" CO_NAME="OPTICON SYSTEMS" EXCHANGE="    NYSE" CUR_PRICE="118.25" YRL_HIGH="121.5" YRL_LOW="74.5" P_E_RATIO="26.5" BETA="1.55" PROJ_GRTH="59" INDUSTRY="3573" PRICE_CHG="16" SAFETY="3" RATING="B" RANK="3" OUTLOOK="2" RCMNDATION="BUY" RISK="MED"/><ROW SYMBOL="PCI" CO_NAME="POWER CONV. INC." EXCHANGE="    NONE" CUR_PRICE="21.625" YRL_HIGH="24.75" YRL_LOW="10.5" P_E_RATIO="34.9" BETA="1.75" PROJ_GRTH="50" INDUSTRY="3573" PRICE_CHG="6" SAFETY="4" RATING="B" RANK="2" OUTLOOK="2" RCMNDATION="HOLD" RISK="HIGH"/><ROW SYMBOL="PCS" CO_NAME="PLAN CARE SYSTEMS" EXCHANGE="    NONE" CUR_PRICE="24.5" YRL_HIGH="26" YRL_LOW="17.5" P_E_RATIO="17.4" BETA="0.9" PROJ_GRTH="53" INDUSTRY="3579" PRICE_CHG="26" SAFETY="3" RATING="B" RANK="3" OUTLOOK="3" RCMNDATION="BUY" RISK="MED"/><ROW SYMBOL="PIN" CO_NAME="PHONE INC" EXCHANGE="    NYSE" CUR_PRICE="56.625" YRL_HIGH="69.125" YRL_LOW="50.75" P_E_RATIO="16" BETA="0.9" PROJ_GRTH="6" INDUSTRY="4810" PRICE_CHG="-4" SAFETY="2" RATING="A" RANK="3" OUTLOOK="3" RCMNDATION="SELL" RISK="LOW"/><ROW SYMBOL="PINC" CO_NAME="POSITRON INC" EXCHANGE="    NYSE" CUR_PRICE="66.25" YRL_HIGH="68.875" YRL_LOW="50.875" P_E_RATIO="12" BETA="0.75" PROJ_GRTH="17" INDUSTRY="3720" PRICE_CHG="11" SAFETY="2" RATING="A" RANK="3" OUTLOOK="3" RCMNDATION="SELL" RISK="LOW"/><ROW SYMBOL="PKC" CO_NAME="PORTER-JENKINS" EXCHANGE="    NYSE" CUR_PRICE="23.625" YRL_HIGH="26.25" YRL_LOW="12" P_E_RATIO="14.3" BETA="1.05" PROJ_GRTH="59" INDUSTRY="3720" PRICE_CHG="16" SAFETY="3" RATING="B" RANK="2" OUTLOOK="3" RCMNDATION="SELL" RISK="MED"/><ROW SYMBOL="PS" CO_NAME="PULSAR SYSTEMS" EXCHANGE="    NYSE" CUR_PRICE="29.625" YRL_HIGH="41.25" YRL_LOW="20.25" P_E_RATIO="12.2" BETA="1.55" PROJ_GRTH="102" INDUSTRY="3573" PRICE_CHG="28" SAFETY="3" RATING="B" RANK="4" OUTLOOK="3" RCMNDATION="SELL" RISK="MED"/><ROW SYMBOL="PTCC" CO_NAME="POSITECH CORP" EXCHANGE="    NYSE" CUR_PRICE="39.5" YRL_HIGH="45.562" YRL_LOW="35.5" P_E_RATIO="14.5" BETA="0.75" PROJ_GRTH="39" INDUSTRY="4810" PRICE_CHG="-1" SAFETY="1" RATING="A" RANK="3" OUTLOOK="3" RCMNDATION="HOLD" RISK="LOW"/><ROW SYMBOL="PXL" CO_NAME="PIXEL" EXCHANGE="    NONE" CUR_PRICE="22.375" YRL_HIGH="35.25" YRL_LOW="17" P_E_RATIO="21.1" BETA="1.45" PROJ_GRTH="123" INDUSTRY="3579" PRICE_CHG="14" SAFETY="3" RATING="A" RANK="5" OUTLOOK="4" RCMNDATION="SELL" RISK="MED"/><ROW SYMBOL="RDT" CO_NAME="RSD TECH" EXCHANGE="    NONE" CUR_PRICE="22.25" YRL_HIGH="24.25" YRL_LOW="15.5" P_E_RATIO="14.3" BETA="1.45" PROJ_GRTH="68" INDUSTRY="3579" PRICE_CHG="17" SAFETY="3" RATING="B" RANK="2" OUTLOOK="3" RCMNDATION="HOLD" RISK="MED"/><ROW SYMBOL="RLRT" CO_NAME="RLR CORPORATION" EXCHANGE="    TSE" CUR_PRICE="20.5" YRL_HIGH="22.25" YRL_LOW="9.629" P_E_RATIO="17.4" BETA="1" PROJ_GRTH="34" INDUSTRY="3720" PRICE_CHG="74" SAFETY="3" RATING="B" RANK="1" OUTLOOK="1" RCMNDATION="BUY" RISK="MED"/><ROW SYMBOL="SCP" CO_NAME="SORTHERN COPR" EXCHANGE="    NYSE" CUR_PRICE="39" YRL_HIGH="42.625" YRL_LOW="30.5" P_E_RATIO="9.800000000000001" BETA="1.05" PROJ_GRTH="15" INDUSTRY="3720" PRICE_CHG="0" SAFETY="3" RATING="B" RANK="3" OUTLOOK="3" RCMNDATION="SELL" RISK="MED"/><ROW SYMBOL="SMC" CO_NAME="STAR MOTOR CORP" EXCHANGE="    NYSE" CUR_PRICE="59.625" YRL_HIGH="63.5" YRL_LOW="35.625" P_E_RATIO="9.4" BETA="1.25" PROJ_GRTH="-16" INDUSTRY="3710" PRICE_CHG="39" SAFETY="3" RATING="B" RANK="2" OUTLOOK="2" RCMNDATION="BUY" RISK="MED"/><ROW SYMBOL="SMT" CO_NAME="SMT MOTORS" EXCHANGE="    NYSE" CUR_PRICE="38.125" YRL_HIGH="42.375" YRL_LOW="22.875" P_E_RATIO="15.8" BETA="0.85" PROJ_GRTH="44" INDUSTRY="3720" PRICE_CHG="11" SAFETY="3" RATING="A" RANK="1" OUTLOOK="2" RCMNDATION="HOLD" RISK="MED"/><ROW SYMBOL="SNC" CO_NAME="SOFTWARE INC." EXCHANGE="    NONE" CUR_PRICE="84.25" YRL_HIGH="98" YRL_LOW="70.375" P_E_RATIO="23.1" BETA="1.3" PROJ_GRTH="93" INDUSTRY="3579" PRICE_CHG="7" SAFETY="3" RATING="A" RANK="4" OUTLOOK="3" RCMNDATION="HOLD" RISK="MED"/><ROW SYMBOL="SOLS" CO_NAME="SOLARSYS CORP" EXCHANGE="    NYSE" CUR_PRICE="13.625" YRL_HIGH="13.875" YRL_LOW="9.875" P_E_RATIO="10.3" BETA="1.25" PROJ_GRTH="120" INDUSTRY="3573" PRICE_CHG="31" SAFETY="5" RATING="C" RANK="4" OUTLOOK="2" RCMNDATION="SELL" RISK="HIGH"/><ROW SYMBOL="SSFT" CO_NAME="STELLAR SOFTWARE" EXCHANGE="    NYSE" CUR_PRICE="33.875" YRL_HIGH="34.5" YRL_LOW="17.625" P_E_RATIO="18.9" BETA="1.4" PROJ_GRTH="33" INDUSTRY="3579" PRICE_CHG="51" SAFETY="4" RATING="B" RANK="1" OUTLOOK="1" RCMNDATION="HOLD" RISK="HIGH"/><ROW SYMBOL="SSO" CO_NAME="SOLUTION SOFTWARE" EXCHANGE="    NONE" CUR_PRICE="13.625" YRL_HIGH="24.25" YRL_LOW="10" P_E_RATIO="16" BETA="1.25" PROJ_GRTH="157" INDUSTRY="3579" PRICE_CHG="-32" SAFETY="4" RATING="B" RANK="3" OUTLOOK="3" RCMNDATION="HOLD" RISK="HIGH"/><ROW SYMBOL="SSYS" CO_NAME="STAR SYSTEMS" EXCHANGE="    NONE" CUR_PRICE="33.375" YRL_HIGH="37.75" YRL_LOW="13.313" P_E_RATIO="37.1" BETA="1.5" PROJ_GRTH="42" INDUSTRY="3579" PRICE_CHG="31" SAFETY="4" RATING="B" RANK="1" OUTLOOK="1" RCMNDATION="HOLD" RISK="HIGH"/><ROW SYMBOL="ST" CO_NAME="SYSTEM TECH" EXCHANGE="    NONE" CUR_PRICE="22" YRL_HIGH="26.75" YRL_LOW="12.5" P_E_RATIO="12.9" BETA="1.5" PROJ_GRTH="173" INDUSTRY="3573" PRICE_CHG="35" SAFETY="4" RATING="B" RANK="3" OUTLOOK="2" RCMNDATION="SELL" RISK="HIGH"/><ROW SYMBOL="STCS" CO_NAME="SOLARTECH" EXCHANGE="    NYSE" CUR_PRICE="45.5" YRL_HIGH="49.125" YRL_LOW="36.125" P_E_RATIO="12.3" BETA="0.6" PROJ_GRTH="37" INDUSTRY="3720" PRICE_CHG="3" SAFETY="2" RATING="A" RANK="3" OUTLOOK="3" RCMNDATION="HOLD" RISK="LOW"/><ROW SYMBOL="STL" CO_NAME="SOUTHTEL" EXCHANGE="    NYSE" CUR_PRICE="34.5" YRL_HIGH="38.375" YRL_LOW="33.625" P_E_RATIO="13.2" BETA="0.95" PROJ_GRTH="30" INDUSTRY="4810" PRICE_CHG="-2" SAFETY="1" RATING="A" RANK="3" OUTLOOK="4" RCMNDATION="HOLD" RISK="LOW"/><ROW SYMBOL="STR" CO_NAME="STAR MICROCOM" EXCHANGE="    NONE" CUR_PRICE="25.625" YRL_HIGH="41" YRL_LOW="21.125" P_E_RATIO="12.5" BETA="1.15" PROJ_GRTH="115" INDUSTRY="3573" PRICE_CHG="-10" SAFETY="3" RATING="B" RANK="4" OUTLOOK="3" RCMNDATION="HOLD" RISK="MED"/><ROW SYMBOL="TC" CO_NAME="THORTON CORP" EXCHANGE="    NYSE" CUR_PRICE="27.5" YRL_HIGH="28" YRL_LOW="15.75" P_E_RATIO="9.199999999999999" BETA="0.95" PROJ_GRTH="0" INDUSTRY="3720" PRICE_CHG="18" SAFETY="3" RATING="B" RANK="1" OUTLOOK="3" RCMNDATION="BUY" RISK="MED"/><ROW SYMBOL="TELC" CO_NAME="TELCOM" EXCHANGE="    NYSE" CUR_PRICE="36.125" YRL_HIGH="40.25" YRL_LOW="26.25" P_E_RATIO="18.2" BETA="1.05" PROJ_GRTH="38" INDUSTRY="4810" PRICE_CHG="0" SAFETY="3" RATING="B" RANK="3" OUTLOOK="4" RCMNDATION="HOLD" RISK="MED"/><ROW SYMBOL="TM" CO_NAME="TRACK MOTORS" EXCHANGE="    NYSE" CUR_PRICE="29.125" YRL_HIGH="35.875" YRL_LOW="26" P_E_RATIO="18.2" BETA="1.15" PROJ_GRTH="54" INDUSTRY="3579" PRICE_CHG="3" SAFETY="2" RATING="B" RANK="4" OUTLOOK="2" RCMNDATION="SELL" RISK="LOW"/><ROW SYMBOL="TRD" CO_NAME="TRIDENT COMPUTER" EXCHANGE="    NYSE" CUR_PRICE="13.375" YRL_HIGH="14.75" YRL_LOW="8.5" P_E_RATIO="19.7" BETA="1.6" PROJ_GRTH="124" INDUSTRY="3573" PRICE_CHG="27" SAFETY="3" RATING="A" RANK="4" OUTLOOK="3" RCMNDATION="HOLD" RISK="MED"/><ROW SYMBOL="TSM" CO_NAME="TUMI SYSTEMS" EXCHANGE="    NONE" CUR_PRICE="55.625" YRL_HIGH="61.375" YRL_LOW="20.625" P_E_RATIO="30.7" BETA="1.4" PROJ_GRTH="8" INDUSTRY="3579" PRICE_CHG="43" SAFETY="3" RATING="B" RANK="1" OUTLOOK="3" RCMNDATION="HOLD" RISK="MED"/><ROW SYMBOL="TTEC" CO_NAME="THRESHOLD TECHNOLOGY" EXCHANGE="    NONE" CUR_PRICE="4.875" YRL_HIGH="6.25" YRL_LOW="4.125" P_E_RATIO="12.8" BETA="1.1" PROJ_GRTH="85" INDUSTRY="3573" PRICE_CHG="0" SAFETY="4" RATING="C" RANK="3" OUTLOOK="2" RCMNDATION="HOLD" RISK="HIGH"/><ROW SYMBOL="UFD" CO_NAME="UFD CORPORATION" EXCHANGE="    NYSE" CUR_PRICE="9.875" YRL_HIGH="10.25" YRL_LOW="5.375" P_E_RATIO="12.8" BETA="1.25" PROJ_GRTH="27" INDUSTRY="3720" PRICE_CHG="51" SAFETY="4" RATING="C" RANK="1" OUTLOOK="2" RCMNDATION="SELL" RISK="HIGH"/><ROW SYMBOL="UIN" CO_NAME="UTIL INC" EXCHANGE="    NYSE" CUR_PRICE="16.75" YRL_HIGH="19.75" YRL_LOW="13.221" P_E_RATIO="22.3" BETA="0.75" PROJ_GRTH="13" INDUSTRY="4810" PRICE_CHG="18" SAFETY="1" RATING="A" RANK="3" OUTLOOK="3" RCMNDATION="BUY" RISK="LOW"/><ROW SYMBOL="USFT" CO_NAME="U.S. SOFTWARE" EXCHANGE="    NONE" CUR_PRICE="6" YRL_HIGH="8.875" YRL_LOW="5.125" P_E_RATIO="15.8" BETA="1.3" PROJ_GRTH="317" INDUSTRY="3579" PRICE_CHG="-11" SAFETY="4" RATING="A" RANK="4" OUTLOOK="5" RCMNDATION="HOLD" RISK="HIGH"/><ROW SYMBOL="USMD" CO_NAME="U.S. MED" EXCHANGE="    NYSE" CUR_PRICE="15.625" YRL_HIGH="15.5" YRL_LOW="6.5" P_E_RATIO="13.6" BETA="1.35" PROJ_GRTH="28" INDUSTRY="8000" PRICE_CHG="34" SAFETY="3" RATING="B" RANK="1" OUTLOOK="3" RCMNDATION="HOLD" RISK="MED"/><ROW SYMBOL="VC" CO_NAME="VECTOR CORP" EXCHANGE="    NYSE" CUR_PRICE="63.75" YRL_HIGH="72.375" YRL_LOW="54.5" P_E_RATIO="9.300000000000001" BETA="0.85" PROJ_GRTH="14" INDUSTRY="3720" PRICE_CHG="-4" SAFETY="3" RATING="C" RANK="3" OUTLOOK="3" RCMNDATION="SELL" RISK="MED"/><ROW SYMBOL="VG" CO_NAME="VALLEY GRAPHICS" EXCHANGE="    NYSE" CUR_PRICE="24.75" YRL_HIGH="25.125" YRL_LOW="11.75" P_E_RATIO="30.9" BETA="1.5" PROJ_GRTH="11" INDUSTRY="3573" PRICE_CHG="39" SAFETY="3" RATING="B" RANK="1" OUTLOOK="1" RCMNDATION="BUY" RISK="MED"/><ROW SYMBOL="WBLL" CO_NAME="WEST BEL" EXCHANGE="    NYSE" CUR_PRICE="39.375" YRL_HIGH="47" YRL_LOW="34.188" P_E_RATIO="15.7" BETA="0.9" PROJ_GRTH="14" INDUSTRY="4810" PRICE_CHG="-1" SAFETY="1" RATING="A" RANK="3" OUTLOOK="3" RCMNDATION="HOLD" RISK="LOW"/><ROW SYMBOL="WC" CO_NAME="WELLESLEY COMPUTER" EXCHANGE="    NONE" CUR_PRICE="22" YRL_HIGH="49.875" YRL_LOW="13.5" P_E_RATIO="16.2" BETA="1.4" PROJ_GRTH="93" INDUSTRY="3573" PRICE_CHG="22" SAFETY="3" RATING="B" RANK="5" OUTLOOK="4" RCMNDATION="HOLD" RISK="MED"/><ROW SYMBOL="WCR" CO_NAME="WEST CARE INC" EXCHANGE="    NONE" CUR_PRICE="44.125" YRL_HIGH="57.5" YRL_LOW="25.5" P_E_RATIO="17.6" BETA="1.6" PROJ_GRTH="64" INDUSTRY="8000" PRICE_CHG="5" SAFETY="3" RATING="B" RANK="3" OUTLOOK="2" RCMNDATION="SELL" RISK="MED"/><ROW SYMBOL="WEN" CO_NAME="WELLESLEY ENTERPRISE" EXCHANGE="    NYSE" CUR_PRICE="13" YRL_HIGH="14.75" YRL_LOW="9.25" P_E_RATIO="17.1" BETA="1.35" PROJ_GRTH="111" INDUSTRY="8000" PRICE_CHG="19" SAFETY="4" RATING="B" RANK="3" OUTLOOK="2" RCMNDATION="SELL" RISK="HIGH"/><ROW SYMBOL="WFE" CO_NAME="WFE INC" EXCHANGE="    TSE" CUR_PRICE="6.625" YRL_HIGH="7.25" YRL_LOW="4.75" P_E_RATIO="20.1" BETA="0.65" PROJ_GRTH="119" INDUSTRY="3720" PRICE_CHG="35" SAFETY="4" RATING="C" RANK="2" OUTLOOK="3" RCMNDATION="SELL" RISK="HIGH"/><ROW SYMBOL="WM" CO_NAME="WEST MOTORS INC" EXCHANGE="    NONE" CUR_PRICE="61.5" YRL_HIGH="61.087" YRL_LOW="46.522" P_E_RATIO="15.3" BETA="1.15" PROJ_GRTH="34" INDUSTRY="3710" PRICE_CHG="14" SAFETY="3" RATING="A" RANK="3" OUTLOOK="3" RCMNDATION="SELL" RISK="MED"/><ROW SYMBOL="WREC" CO_NAME="WRE CORP" EXCHANGE="    NYSE" CUR_PRICE="15.875" YRL_HIGH="16" YRL_LOW="11.5" P_E_RATIO="26.5" BETA="1.4" PROJ_GRTH="57" INDUSTRY="3720" PRICE_CHG="18" SAFETY="3" RATING="B" RANK="2" OUTLOOK="3" RCMNDATION="HOLD" RISK="MED"/><ROW SYMBOL="WT" CO_NAME="WEST TECHNOLOGY" EXCHANGE="    NONE" CUR_PRICE="22.75" YRL_HIGH="26" YRL_LOW="13.125" P_E_RATIO="9.699999999999999" BETA="1.6" PROJ_GRTH="76" INDUSTRY="3573" PRICE_CHG="14" SAFETY="4" RATING="B" RANK="1" OUTLOOK="3" RCMNDATION="HOLD" RISK="HIGH"/><ROW SYMBOL="WTEL" CO_NAME="WORCESTER TEL" EXCHANGE="    NYSE" CUR_PRICE="41.375" YRL_HIGH="50.25" YRL_LOW="36.375" P_E_RATIO="16" BETA="0.95" PROJ_GRTH="63" INDUSTRY="4810" PRICE_CHG="-1" SAFETY="1" RATING="A" RANK="3" OUTLOOK="3" RCMNDATION="HOLD" RISK="LOW"/></ROWDATA></DATAPACKET>