<?xml version="1.0" standalone="yes"?>  <DATAPACKET Version="2.0"><METADATA><FIELDS><FIELD attrname="PartNo" fieldtype="r8"/><FIELD attrname="VendorNo" fieldtype="r8"/><FIELD attrname="Description" fieldtype="string" WIDTH="30"/><FIELD attrname="OnHand" fieldtype="r8"/><FIELD attrname="OnOrder" fieldtype="r8"/><FIELD attrname="Cost" fieldtype="r8" SUBTYPE="Money"/><FIELD attrname="ListPrice" fieldtype="r8" SUBTYPE="Money"/></FIELDS><PARAMS DEFAULT_ORDER="1" PRIMARY_KEY="1" LCID="1033"/></METADATA><ROWDATA><ROW PartNo="900" VendorNo="3820" Description="Dive kayak" OnHand="24" OnOrder="16" Cost="1356.75" ListPrice="3999.95"/><ROW PartNo="912" VendorNo="3820" Description="Underwater Diver Vehicle" OnHand="5" OnOrder="3" Cost="504" ListPrice="1680"/><ROW PartNo="1313" VendorNo="3511" Description="Regulator System" OnHand="165" OnOrder="216" Cost="117.5" ListPrice="250"/><ROW PartNo="1314" VendorNo="5641" Description="Second Stage Regulator" OnHand="98" OnOrder="88" Cost="124.1" ListPrice="365"/><ROW PartNo="1316" VendorNo="3511" Description="Regulator System" OnHand="75" OnOrder="70" Cost="119.35" ListPrice="341"/><ROW PartNo="1320" VendorNo="3511" Description="Second Stage Regulator" OnHand="37" OnOrder="35" Cost="73.53" ListPrice="171"/><ROW PartNo="1328" VendorNo="3511" Description="Regulator System" OnHand="166" OnOrder="100" Cost="154.8" ListPrice="430"/><ROW PartNo="1330" VendorNo="3511" Description="Alternate Inflation Regulator" OnHand="47" OnOrder="43" Cost="85.8" ListPrice="260"/><ROW PartNo="1364" VendorNo="3511" Description="Second Stage Regulator" OnHand="128" OnOrder="135" Cost="99.90000000000001" ListPrice="270"/><ROW PartNo="1390" VendorNo="3511" Description="First Stage Regulator" OnHand="146" OnOrder="140" Cost="64.59999999999999" ListPrice="170"/><ROW PartNo="1946" VendorNo="6588" Description="Second Stage Regulator" OnHand="13" OnOrder="10" Cost="95.79000000000001" ListPrice="309"/><ROW PartNo="1986" VendorNo="6588" Description="Depth/Pressure Gauge Console" OnHand="25" OnOrder="24" Cost="73.31999999999999" ListPrice="188"/><ROW PartNo="2314" VendorNo="3511" Description="Electronic Console" OnHand="13" OnOrder="12" Cost="120.9" ListPrice="390"/><ROW PartNo="2341" VendorNo="3511" Description="Depth/Pressure Gauge" OnHand="226" OnOrder="225" Cost="48.3" ListPrice="105"/><ROW PartNo="2343" VendorNo="3511" Description="Personal Dive Sonar" OnHand="46" OnOrder="45" Cost="72.84999999999999" ListPrice="235"/><ROW PartNo="2350" VendorNo="3511" Description="Compass Console Mount" OnHand="211" OnOrder="300" Cost="10.15" ListPrice="29"/><ROW PartNo="2367" VendorNo="3511" Description="Compass (meter only)" OnHand="168" OnOrder="183" Cost="24.96" ListPrice="52"/><ROW PartNo="2383" VendorNo="3511" Description="Depth/Pressure Gauge" OnHand="128" OnOrder="120" Cost="76.22" ListPrice="206"/><ROW PartNo="2390" VendorNo="3511" Description="Electronic Console w/ options" OnHand="24" OnOrder="23" Cost="189" ListPrice="420"/><ROW PartNo="2612" VendorNo="2014" Description="Direct Sighting Compass" OnHand="15" OnOrder="12" Cost="12.582" ListPrice="34.95"/><ROW PartNo="2613" VendorNo="2014" Description="Dive Computer" OnHand="5" OnOrder="2" Cost="76.97" ListPrice="179"/><ROW PartNo="2619" VendorNo="2014" Description="Navigation Compass" OnHand="8" OnOrder="20" Cost="9.177" ListPrice="19.95"/><ROW PartNo="2630" VendorNo="2014" Description="Wrist Band Thermometer (F)" OnHand="6" OnOrder="3" Cost="7.92" ListPrice="18"/><ROW PartNo="2632" VendorNo="2014" Description="Depth/Pressure Gauge (Digital)" OnHand="12" OnOrder="10" Cost="53.64" ListPrice="149"/><ROW PartNo="2648" VendorNo="2014" Description="Depth/Pressure Gauge (Analog)" OnHand="16" OnOrder="15" Cost="39.27" ListPrice="119"/><ROW PartNo="2657" VendorNo="2014" Description="Wrist Band Thermometer (C)" OnHand="12" OnOrder="10" Cost="6.48" ListPrice="18"/><ROW PartNo="2954" VendorNo="6588" Description="Dive Computer" OnHand="45" OnOrder="43" Cost="253.5" ListPrice="650"/><ROW PartNo="3316" VendorNo="3511" Description="Stabilizing Vest" OnHand="56" OnOrder="67" Cost="146.2" ListPrice="430"/><ROW PartNo="3326" VendorNo="3511" Description="Front Clip Stabilizing Vest" OnHand="45" OnOrder="56" Cost="128.8" ListPrice="280"/><ROW PartNo="3340" VendorNo="3511" Description="Trim Fit Stabilizing Vest" OnHand="63" OnOrder="61" Cost="138.25" ListPrice="395"/><ROW PartNo="3386" VendorNo="3511" Description="Welded Seam Stabilizing Vest" OnHand="62" OnOrder="60" Cost="109.2" ListPrice="280"/><ROW PartNo="5313" VendorNo="3511" Description="Safety Knife" OnHand="16" OnOrder="30" Cost="13.12" ListPrice="41"/><ROW PartNo="5318" VendorNo="5641" Description="Medium Titanium Knife" OnHand="4" OnOrder="3" Cost="26.7665" ListPrice="56.95"/><ROW PartNo="5324" VendorNo="3511" Description="Chisel Point Knife" OnHand="14" OnOrder="35" Cost="14.35" ListPrice="41"/><ROW PartNo="5349" VendorNo="3511" Description="Flashlight" OnHand="28" OnOrder="27" Cost="29.25" ListPrice="65"/><ROW PartNo="5356" VendorNo="3511" Description="Medium Stainless Steel Knife" OnHand="30" OnOrder="23" Cost="34.3" ListPrice="70"/><ROW PartNo="5378" VendorNo="3511" Description="Divers Knife and Sheath" OnHand="24" OnOrder="23" Cost="27.3" ListPrice="70"/><ROW PartNo="5386" VendorNo="3511" Description="Large Stainless Steel Knife" OnHand="16" OnOrder="15" Cost="37.6" ListPrice="80"/><ROW PartNo="7612" VendorNo="7382" Description="Krypton Flashlight" OnHand="46" OnOrder="76" Cost="20.677" ListPrice="44.95"/><ROW PartNo="7619" VendorNo="7382" Description="Flashlight (Rechargeable)" OnHand="16" OnOrder="36" Cost="50.985" ListPrice="169.95"/><ROW PartNo="7654" VendorNo="7382" Description="Halogen Flashlight" OnHand="19" OnOrder="18" Cost="19.184" ListPrice="59.95"/><ROW PartNo="9312" VendorNo="3511" Description="60.6 cu ft Tank" OnHand="8" OnOrder="4" Cost="57.28" ListPrice="179"/><ROW PartNo="9316" VendorNo="3511" Description="95.1 cu ft Tank" OnHand="16" OnOrder="14" Cost="130" ListPrice="325"/><ROW PartNo="9318" VendorNo="3511" Description="71.4 cu ft Tank" OnHand="102" OnOrder="100" Cost="58.5" ListPrice="195"/><ROW PartNo="9354" VendorNo="3511" Description="75.8 cu ft Tank" OnHand="38" OnOrder="31" Cost="96.34999999999999" ListPrice="235"/><ROW PartNo="11221" VendorNo="2674" Description="Remotely Operated Video System" OnHand="13" OnOrder="12" Cost="710.7" ListPrice="2369"/><ROW PartNo="11238" VendorNo="7382" Description="Marine Super VHS Video Package" OnHand="3" OnOrder="1" Cost="1124.1" ListPrice="2498"/><ROW PartNo="11518" VendorNo="4652" Description="Towable Video Camera (B&amp;W)" OnHand="12" OnOrder="21" Cost="859.57" ListPrice="1999"/><ROW PartNo="11564" VendorNo="4652" Description="Towable Video Camera (Color)" OnHand="16" OnOrder="39" Cost="1484.55" ListPrice="3299"/><ROW PartNo="11635" VendorNo="7382" Description="Camera and Case" OnHand="14" OnOrder="12" Cost="52.778" ListPrice="119.95"/><ROW PartNo="11652" VendorNo="7382" Description="Video Light" OnHand="5" OnOrder="1" Cost="147.5795" ListPrice="359.95"/><ROW PartNo="12301" VendorNo="2674" Description="Boat Towable Metal Detector" OnHand="13" OnOrder="12" Cost="203.66" ListPrice="599"/><ROW PartNo="12303" VendorNo="2674" Description="Boat Towable Metal Detector" OnHand="14" OnOrder="11" Cost="316.05" ListPrice="735"/><ROW PartNo="12306" VendorNo="2674" Description="Underwater Altimeter" OnHand="38" OnOrder="34" Cost="143.5" ListPrice="350"/><ROW PartNo="12310" VendorNo="2674" Description="Sonar System" OnHand="3" OnOrder="120" Cost="215.11" ListPrice="439"/><ROW PartNo="12316" VendorNo="2674" Description="Marine Magnetometer" OnHand="56" OnOrder="55" Cost="545.58" ListPrice="1299"/><ROW PartNo="12317" VendorNo="2674" Description="Underwater Metal Detector" OnHand="29" OnOrder="24" Cost="440.51" ListPrice="899"/><ROW PartNo="12386" VendorNo="2674" Description="Underwater Metal Detector" OnHand="45" OnOrder="41" Cost="338.3" ListPrice="995"/><ROW PartNo="13545" VendorNo="4682" Description="Air Compressor" OnHand="5" OnOrder="2" Cost="986.85" ListPrice="2295"/></ROWDATA></DATAPACKET>