<?xml version="1.0" standalone="yes"?>  <DATAPACKET Version="2.0"><METADATA><FIELDS><FIELD attrname="ResNo" fieldtype="i4" readonly="true" SUBTYPE="Autoinc"/><FIELD attrname="EventNo" fieldtype="i4"/><FIELD attrname="CustNo" fieldtype="i4"/><FIELD attrname="NumTickets" fieldtype="i4"/><FIELD attrname="Amt_Paid" fieldtype="r8" SUBTYPE="Money"/><FIELD attrname="Pay_Method" fieldtype="string" WIDTH="10"/><FIELD attrname="Card_No" fieldtype="string" WIDTH="20"/><FIELD attrname="Card_Exp" fieldtype="date"/><FIELD attrname="Pay_Notes" fieldtype="bin.hex" SUBTYPE="Text" WIDTH="30"/><FIELD attrname="Purge_Date" fieldtype="date"/><FIELD attrname="Paid" fieldtype="boolean"/></FIELDS><PARAMS DEFAULT_ORDER="1" PRIMARY_KEY="1" LCID="1033"/></METADATA><ROWDATA><ROW ResNo="9" EventNo="2" CustNo="14" NumTickets="4" Amt_Paid="20" Pay_Method="VISA" Card_No="770557078235538241" Card_Exp="19961130" Purge_Date="19960630" Paid="TRUE"/><ROW ResNo="10" EventNo="8" CustNo="9" NumTickets="3" Amt_Paid="22.5" Pay_Method="WILL CALL" Card_No="762723745540848772" Card_Exp="19971231" Purge_Date="19960630" Paid="TRUE"/><ROW ResNo="11" EventNo="3" CustNo="22" NumTickets="5" Amt_Paid="37.5" Pay_Method="VISA" Card_No="458102658420801135" Card_Exp="19961130" Purge_Date="19960630" Paid="TRUE"/><ROW ResNo="12" EventNo="16" CustNo="12" NumTickets="8" Amt_Paid="100" Pay_Method="DINERS" Card_No="054431138151737113" Card_Exp="19000131" Purge_Date="19960630" Paid="TRUE"/><ROW ResNo="13" EventNo="13" CustNo="19" NumTickets="8" Amt_Paid="60" Pay_Method="VISA" Card_No="532646180165820277" Card_Exp="19961130" Purge_Date="19960630" Paid="TRUE"/><ROW ResNo="14" EventNo="9" CustNo="15" NumTickets="6" Amt_Paid="45" Pay_Method="WILL CALL" Card_No="652814106880136747" Card_Exp="19980201" Purge_Date="19960630" Paid="TRUE"/><ROW ResNo="15" EventNo="8" CustNo="6" NumTickets="7" Amt_Paid="52.5" Pay_Method="DINERS" Card_No="256335038564203717" Card_Exp="19971231" Purge_Date="19960630" Paid="TRUE"/><ROW ResNo="16" EventNo="11" CustNo="26" NumTickets="8" Amt_Paid="40" Pay_Method="DINERS" Card_No="614661703465623212" Card_Exp="19961130" Purge_Date="19960630" Paid="TRUE"/><ROW ResNo="17" EventNo="13" CustNo="20" NumTickets="6" Amt_Paid="45" Pay_Method="DINERS" Card_No="481853161235181753" Card_Exp="19990601" Purge_Date="19960630" Paid="TRUE"/><ROW ResNo="18" EventNo="7" CustNo="30" NumTickets="3" Amt_Paid="37.5" Pay_Method="DINERS" Card_No="251371585235815854" Card_Exp="19961130" Purge_Date="19960630" Paid="TRUE"/><ROW ResNo="19" EventNo="1" CustNo="5" NumTickets="10" Amt_Paid="50" Pay_Method="DINERS" Card_No="052177373615530464" Card_Exp="19961130" Purge_Date="19960630" Paid="TRUE"/><ROW ResNo="20" EventNo="3" CustNo="7" NumTickets="1" Amt_Paid="7.5" Pay_Method="AMEX" Card_No="280123323488023653" Card_Exp="19000131" Purge_Date="19960630" Paid="TRUE"/><ROW ResNo="21" EventNo="10" CustNo="26" NumTickets="6" Amt_Paid="30" Pay_Method="CASH/CK" Card_Exp="19971231" Purge_Date="19960630"/><ROW ResNo="22" EventNo="2" CustNo="10" NumTickets="8" Amt_Paid="40" Pay_Method="CASH/CK" Card_Exp="19990601" Purge_Date="19960630"/><ROW ResNo="23" EventNo="12" CustNo="11" NumTickets="7" Amt_Paid="35" Pay_Method="AMEX" Card_No="864116876765744874" Card_Exp="19990601" Purge_Date="19960630" Paid="TRUE"/><ROW ResNo="24" EventNo="11" CustNo="30" NumTickets="5" Amt_Paid="25" Pay_Method="AMEX" Card_No="688672351237361738" Card_Exp="19000131" Purge_Date="19960630" Paid="TRUE"/><ROW ResNo="25" EventNo="10" CustNo="23" NumTickets="2" Amt_Paid="10" Pay_Method="AMEX" Card_No="758447877347432734" Card_Exp="19971231" Purge_Date="19960630" Paid="TRUE"/><ROW ResNo="26" EventNo="7" CustNo="16" NumTickets="3" Amt_Paid="37.5" Pay_Method="DINERS" Card_No="534108385525557087" Card_Exp="19961130" Purge_Date="19960630" Paid="TRUE"/><ROW ResNo="27" EventNo="16" CustNo="22" NumTickets="3" Amt_Paid="37.5" Pay_Method="CASH/CK" Card_Exp="19000131" Purge_Date="19960630"/><ROW ResNo="28" EventNo="3" CustNo="26" NumTickets="6" Amt_Paid="45" Pay_Method="DINERS" Card_No="502267747771862608" Card_Exp="19980201" Purge_Date="19960630" Paid="TRUE"/><ROW ResNo="29" EventNo="7" CustNo="12" NumTickets="5" Amt_Paid="62.5" Pay_Method="WILL CALL" Card_No="351124368401628552" Card_Exp="19000131" Purge_Date="19960630" Paid="TRUE"/><ROW ResNo="30" EventNo="10" CustNo="13" NumTickets="10" Amt_Paid="50" Pay_Method="AMEX" Card_No="832684000725106000" Card_Exp="19971231" Purge_Date="19960630" Paid="TRUE"/><ROW ResNo="31" EventNo="4" CustNo="5" NumTickets="1" Amt_Paid="7.5" Pay_Method="CASH/CK" Card_Exp="19971231" Purge_Date="19960630"/><ROW ResNo="32" EventNo="9" CustNo="9" NumTickets="10" Amt_Paid="75" Pay_Method="CASH/CK" Card_Exp="19990601" Purge_Date="19960630"/><ROW ResNo="33" EventNo="5" CustNo="25" NumTickets="2" Amt_Paid="15" Pay_Method="DINERS" Card_No="710547854820763170" Card_Exp="19990601" Purge_Date="19960630" Paid="TRUE"/><ROW ResNo="34" EventNo="1" CustNo="8" NumTickets="6" Amt_Paid="30" Pay_Method="DINERS" Card_No="465717805608365045" Card_Exp="19990601" Purge_Date="19960630" Paid="TRUE"/><ROW ResNo="35" EventNo="1" CustNo="27" NumTickets="10" Amt_Paid="50" Pay_Method="VISA" Card_No="645504145502541758" Card_Exp="19980201" Purge_Date="19960630" Paid="TRUE"/><ROW ResNo="36" EventNo="16" CustNo="10" NumTickets="3" Amt_Paid="37.5" Pay_Method="CASH/CK" Card_Exp="19971231" Purge_Date="19960630"/><ROW ResNo="37" EventNo="13" CustNo="8" NumTickets="5" Amt_Paid="37.5" Pay_Method="VISA" Card_No="043548882074841271" Card_Exp="19990601" Purge_Date="19960630" Paid="TRUE"/><ROW ResNo="38" EventNo="8" CustNo="10" NumTickets="3" Amt_Paid="22.5" Pay_Method="VISA" Card_No="081420820813451528" Card_Exp="19000131" Purge_Date="19960630" Paid="TRUE"/><ROW ResNo="39" EventNo="9" CustNo="25" NumTickets="5" Amt_Paid="37.5" Pay_Method="VISA" Card_No="530045324327257418" Card_Exp="19000131" Purge_Date="19960630" Paid="TRUE"/><ROW ResNo="40" EventNo="3" CustNo="21" NumTickets="8" Amt_Paid="60" Pay_Method="WILL CALL" Card_No="851268764383516570" Card_Exp="19980201" Purge_Date="19960630" Paid="TRUE"/><ROW ResNo="41" EventNo="2" CustNo="30" NumTickets="9" Amt_Paid="45" Pay_Method="AMEX" Card_No="077283648113600548" Card_Exp="19971231" Purge_Date="19960630" Paid="TRUE"/><ROW ResNo="42" EventNo="12" CustNo="29" NumTickets="2" Amt_Paid="10" Pay_Method="WILL CALL" Card_No="334742815388218424" Card_Exp="19000131" Purge_Date="19960630" Paid="TRUE"/><ROW ResNo="43" EventNo="15" CustNo="9" NumTickets="1" Amt_Paid="12.5" Pay_Method="CASH/CK" Card_Exp="19971231" Purge_Date="19960630"/><ROW ResNo="44" EventNo="16" CustNo="19" NumTickets="9" Amt_Paid="112.5" Pay_Method="AMEX" Card_No="742657731154028448" Card_Exp="19990601" Purge_Date="19960630" Paid="TRUE"/><ROW ResNo="45" EventNo="3" CustNo="15" NumTickets="3" Amt_Paid="22.5" Pay_Method="WILL CALL" Card_No="768888634887636843" Card_Exp="19971231" Purge_Date="19960630" Paid="TRUE"/><ROW ResNo="46" EventNo="2" CustNo="10" NumTickets="3" Amt_Paid="15" Pay_Method="VISA" Card_No="456226872602488513" Card_Exp="19971231" Purge_Date="19960630" Paid="TRUE"/><ROW ResNo="47" EventNo="1" CustNo="30" NumTickets="7" Amt_Paid="35" Pay_Method="VISA" Card_No="487512284071525071" Card_Exp="19990601" Purge_Date="19960630" Paid="TRUE"/><ROW ResNo="48" EventNo="5" CustNo="25" NumTickets="2" Amt_Paid="15" Pay_Method="DINERS" Card_No="708246635454213634" Card_Exp="19971231" Purge_Date="19960630" Paid="TRUE"/><ROW ResNo="49" EventNo="7" CustNo="25" NumTickets="1" Amt_Paid="12.5" Pay_Method="WILL CALL" Card_No="216356041701710528" Card_Exp="19971231" Purge_Date="19960630" Paid="TRUE"/><ROW ResNo="50" EventNo="2" CustNo="17" NumTickets="3" Amt_Paid="15" Pay_Method="VISA" Card_No="815085731342411334" Card_Exp="19980201" Purge_Date="19960630" Paid="TRUE"/><ROW ResNo="51" EventNo="16" CustNo="4" NumTickets="9" Amt_Paid="112.5" Pay_Method="WILL CALL" Card_No="814516473608280237" Card_Exp="19971231" Purge_Date="19960630" Paid="TRUE"/><ROW ResNo="52" EventNo="6" CustNo="24" NumTickets="2" Amt_Paid="25" Pay_Method="AMEX" Card_No="817576051845055834" Card_Exp="19971231" Purge_Date="19960630" Paid="TRUE"/><ROW ResNo="53" EventNo="2" CustNo="20" NumTickets="10" Amt_Paid="50" Pay_Method="VISA" Card_No="047820230420871810" Card_Exp="19961130" Purge_Date="19960630" Paid="TRUE"/><ROW ResNo="54" EventNo="14" CustNo="9" NumTickets="2" Amt_Paid="15" Pay_Method="WILL CALL" Card_No="687054344857160834" Card_Exp="19961130" Purge_Date="19960630" Paid="TRUE"/><ROW ResNo="55" EventNo="16" CustNo="23" NumTickets="1" Amt_Paid="12.5" Pay_Method="AMEX" Card_No="886630447267303705" Card_Exp="19990601" Purge_Date="19960630" Paid="TRUE"/><ROW ResNo="56" EventNo="6" CustNo="3" NumTickets="2" Amt_Paid="25" Pay_Method="VISA" Card_No="673508727367430301" Card_Exp="19961130" Purge_Date="19960630" Paid="TRUE"/><ROW ResNo="57" EventNo="8" CustNo="30" NumTickets="4" Amt_Paid="30" Pay_Method="CASH/CK" Card_Exp="19990601" Purge_Date="19960630"/><ROW ResNo="58" EventNo="2" CustNo="19" NumTickets="5" Amt_Paid="25" Pay_Method="WILL CALL" Card_No="287530781271447465" Card_Exp="19990601" Purge_Date="19960630" Paid="TRUE"/><ROW ResNo="59" EventNo="11" CustNo="24" NumTickets="8" Amt_Paid="40" Pay_Method="DINERS" Card_No="025188027484588632" Card_Exp="19961130" Purge_Date="19960630" Paid="TRUE"/><ROW ResNo="60" EventNo="1" CustNo="4" NumTickets="4" Amt_Paid="20" Pay_Method="VISA" Card_No="678584741837708712" Card_Exp="19000131" Purge_Date="19960630" Paid="TRUE"/><ROW ResNo="61" EventNo="13" CustNo="6" NumTickets="4" Amt_Paid="30" Pay_Method="VISA" Card_No="771368536210023351" Card_Exp="19000131" Purge_Date="19960630" Paid="TRUE"/><ROW ResNo="62" EventNo="8" CustNo="23" NumTickets="10" Amt_Paid="75" Pay_Method="WILL CALL" Card_No="308036264661746533" Card_Exp="19961130" Purge_Date="19960630" Paid="TRUE"/><ROW ResNo="63" EventNo="1" CustNo="23" NumTickets="8" Amt_Paid="40" Pay_Method="AMEX" Card_No="468647715827271667" Card_Exp="19990601" Purge_Date="19960630" Paid="TRUE"/><ROW ResNo="64" EventNo="11" CustNo="19" NumTickets="7" Amt_Paid="35" Pay_Method="DINERS" Card_No="345325522128140725" Card_Exp="19971231" Purge_Date="19960630" Paid="TRUE"/><ROW ResNo="65" EventNo="12" CustNo="8" NumTickets="3" Amt_Paid="15" Pay_Method="CASH/CK" Card_Exp="19971231" Purge_Date="19960630"/><ROW ResNo="66" EventNo="5" CustNo="10" NumTickets="4" Amt_Paid="30" Pay_Method="DINERS" Card_No="043638448334501768" Card_Exp="19961130" Purge_Date="19960630" Paid="TRUE"/><ROW ResNo="67" EventNo="9" CustNo="16" NumTickets="10" Amt_Paid="75" Pay_Method="VISA" Card_No="567211788273082112" Card_Exp="19961130" Purge_Date="19960630" Paid="TRUE"/><ROW ResNo="68" EventNo="9" CustNo="5" NumTickets="10" Amt_Paid="75" Pay_Method="VISA" Card_No="835803281668782820" Card_Exp="19961130" Purge_Date="19960630" Paid="TRUE"/><ROW ResNo="69" EventNo="3" CustNo="23" NumTickets="1" Amt_Paid="7.5" Pay_Method="DINERS" Card_No="247280851607238077" Card_Exp="19971231" Purge_Date="19960630" Paid="TRUE"/><ROW ResNo="70" EventNo="11" CustNo="15" NumTickets="5" Amt_Paid="25" Pay_Method="DINERS" Card_No="174453042437421240" Card_Exp="19971231" Purge_Date="19960630" Paid="TRUE"/><ROW ResNo="71" EventNo="8" CustNo="13" NumTickets="4" Amt_Paid="30" Pay_Method="CASH/CK" Card_Exp="19961130" Purge_Date="19960630"/><ROW ResNo="72" EventNo="14" CustNo="16" NumTickets="4" Amt_Paid="30" Pay_Method="VISA" Card_No="670740453660338332" Card_Exp="19971231" Purge_Date="19960630" Paid="TRUE"/><ROW ResNo="73" EventNo="14" CustNo="9" NumTickets="6" Amt_Paid="45" Pay_Method="DINERS" Card_No="332653665350647871" Card_Exp="19980201" Purge_Date="19960630" Paid="TRUE"/><ROW ResNo="74" EventNo="14" CustNo="18" NumTickets="1" Amt_Paid="7.5" Pay_Method="VISA" Card_No="408364643216174030" Card_Exp="19980201" Purge_Date="19960630" Paid="TRUE"/><ROW ResNo="75" EventNo="13" CustNo="25" NumTickets="7" Amt_Paid="52.5" Pay_Method="CASH/CK" Card_Exp="19000131" Purge_Date="19960630"/><ROW ResNo="76" EventNo="5" CustNo="27" NumTickets="7" Amt_Paid="52.5" Pay_Method="DINERS" Card_No="681347708533141737" Card_Exp="19980201" Purge_Date="19960630" Paid="TRUE"/><ROW ResNo="77" EventNo="3" CustNo="9" NumTickets="9" Amt_Paid="67.5" Pay_Method="VISA" Card_No="271267308365428833" Card_Exp="19971231" Purge_Date="19960630" Paid="TRUE"/><ROW ResNo="78" EventNo="10" CustNo="20" NumTickets="5" Amt_Paid="25" Pay_Method="WILL CALL" Card_No="432310541021858418" Card_Exp="19961130" Purge_Date="19960630" Paid="TRUE"/><ROW ResNo="79" EventNo="14" CustNo="3" NumTickets="2" Amt_Paid="15" Pay_Method="CASH/CK" Card_Exp="19961130" Purge_Date="19960630"/><ROW ResNo="80" EventNo="7" CustNo="21" NumTickets="6" Amt_Paid="75" Pay_Method="WILL CALL" Card_No="138114376172410533" Card_Exp="19000131" Purge_Date="19960630" Paid="TRUE"/><ROW ResNo="81" EventNo="8" CustNo="20" NumTickets="10" Amt_Paid="75" Pay_Method="VISA" Card_No="261653887812436345" Card_Exp="19980201" Purge_Date="19960630" Paid="TRUE"/><ROW ResNo="82" EventNo="1" CustNo="3" NumTickets="5" Amt_Paid="25" Pay_Method="CASH/CK" Card_Exp="19980201" Purge_Date="19960630"/><ROW ResNo="83" EventNo="6" CustNo="18" NumTickets="6" Amt_Paid="75" Pay_Method="CASH/CK" Card_Exp="19961130" Purge_Date="19960630"/><ROW ResNo="84" EventNo="5" CustNo="8" NumTickets="2" Amt_Paid="15" Pay_Method="AMEX" Card_No="685773348320004872" Card_Exp="19961130" Purge_Date="19960630" Paid="TRUE"/><ROW ResNo="85" EventNo="1" CustNo="21" NumTickets="2" Amt_Paid="10" Pay_Method="CASH/CK" Card_Exp="19980201" Purge_Date="19960630"/><ROW ResNo="86" EventNo="16" CustNo="7" NumTickets="4" Amt_Paid="50" Pay_Method="AMEX" Card_No="428686538532645546" Card_Exp="19961130" Purge_Date="19960630" Paid="TRUE"/><ROW ResNo="87" EventNo="3" CustNo="8" NumTickets="4" Amt_Paid="30" Pay_Method="AMEX" Card_No="023786077606363242" Card_Exp="19980201" Purge_Date="19960630" Paid="TRUE"/><ROW ResNo="88" EventNo="6" CustNo="1" NumTickets="4" Amt_Paid="50" Pay_Method="VISA" Card_No="002160465104028152" Card_Exp="19990601" Purge_Date="19960630" Paid="TRUE"/><ROW ResNo="89" EventNo="1" CustNo="5" NumTickets="10" Amt_Paid="50" Pay_Method="VISA" Card_No="585746233142100736" Card_Exp="19971231" Purge_Date="19960630" Paid="TRUE"/><ROW ResNo="90" EventNo="11" CustNo="1" NumTickets="8" Amt_Paid="40" Pay_Method="WILL CALL" Card_No="648113456305488260" Card_Exp="19971231" Purge_Date="19960630" Paid="TRUE"/><ROW ResNo="91" EventNo="8" CustNo="27" NumTickets="1" Amt_Paid="7.5" Pay_Method="AMEX" Card_No="685262640800167625" Card_Exp="19980201" Purge_Date="19960630" Paid="TRUE"/><ROW ResNo="92" EventNo="12" CustNo="19" NumTickets="5" Amt_Paid="25" Pay_Method="WILL CALL" Card_No="022447265201568140" Card_Exp="19971231" Purge_Date="19960630" Paid="TRUE"/><ROW ResNo="93" EventNo="12" CustNo="8" NumTickets="3" Amt_Paid="15" Pay_Method="VISA" Card_No="368266166661044316" Card_Exp="19971231" Purge_Date="19960630" Paid="TRUE"/><ROW ResNo="94" EventNo="8" CustNo="22" NumTickets="7" Amt_Paid="52.5" Pay_Method="VISA" Card_No="837127780441506535" Card_Exp="19961130" Purge_Date="19960630" Paid="TRUE"/><ROW ResNo="95" EventNo="7" CustNo="17" NumTickets="9" Amt_Paid="112.5" Pay_Method="DINERS" Card_No="287455320030865682" Card_Exp="19000131" Purge_Date="19960630" Paid="TRUE"/><ROW ResNo="96" EventNo="2" CustNo="19" NumTickets="10" Amt_Paid="50" Pay_Method="AMEX" Card_No="330328088300783860" Card_Exp="19000131" Purge_Date="19960630" Paid="TRUE"/><ROW ResNo="97" EventNo="8" CustNo="30" NumTickets="2" Amt_Paid="15" Pay_Method="CASH/CK" Card_Exp="19000131" Purge_Date="19960630"/><ROW ResNo="98" EventNo="14" CustNo="5" NumTickets="6" Amt_Paid="45" Pay_Method="VISA" Card_No="260344650373446086" Card_Exp="19971231" Purge_Date="19960630" Paid="TRUE"/><ROW ResNo="99" EventNo="14" CustNo="6" NumTickets="3" Amt_Paid="22.5" Pay_Method="VISA" Card_No="678861046631487311" Card_Exp="19000131" Purge_Date="19960630" Paid="TRUE"/><ROW ResNo="100" EventNo="1" CustNo="8" NumTickets="8" Amt_Paid="40" Pay_Method="CASH/CK" Card_Exp="19961130" Purge_Date="19960630"/><ROW ResNo="101" EventNo="2" CustNo="19" NumTickets="4" Amt_Paid="20" Pay_Method="WILL CALL" Card_No="577167411710108044" Card_Exp="19000131" Purge_Date="19960630" Paid="TRUE"/><ROW ResNo="102" EventNo="7" CustNo="19" NumTickets="7" Amt_Paid="87.5" Pay_Method="VISA" Card_No="801008162762768842" Card_Exp="19980201" Purge_Date="19960630" Paid="TRUE"/><ROW ResNo="103" EventNo="10" CustNo="13" NumTickets="2" Amt_Paid="10" Pay_Method="VISA" Card_No="315417531346755068" Card_Exp="19961130" Purge_Date="19960630" Paid="TRUE"/><ROW ResNo="104" EventNo="4" CustNo="28" NumTickets="10" Amt_Paid="75" Pay_Method="DINERS" Card_No="267708858204278377" Card_Exp="19971231" Purge_Date="19960630" Paid="TRUE"/><ROW ResNo="105" EventNo="1" CustNo="18" NumTickets="6" Amt_Paid="30" Pay_Method="WILL CALL" Card_No="348254676250661018" Card_Exp="19980201" Purge_Date="19960630" Paid="TRUE"/><ROW ResNo="106" EventNo="9" CustNo="19" NumTickets="5" Amt_Paid="37.5" Pay_Method="VISA" Card_No="258108165855606171" Card_Exp="19000131" Purge_Date="19960630" Paid="TRUE"/><ROW ResNo="107" EventNo="5" CustNo="9" NumTickets="8" Amt_Paid="60" Pay_Method="VISA" Card_No="184820055613403650" Card_Exp="19980201" Purge_Date="19960630" Paid="TRUE"/><ROW ResNo="108" EventNo="2" CustNo="20" NumTickets="7" Amt_Paid="35" Pay_Method="CASH/CK" Card_Exp="19980201" Purge_Date="19960630"/></ROWDATA></DATAPACKET>